Copyright 1986-2022 Xilinx, Inc. All Rights Reserved.
-----------------------------------------------------------------------------------------------------------------------------------------------------------------------------------------------------------------
| Tool Version : Vivado v.2022.1 (win64) Build 3526262 Mon Apr 18 15:48:16 MDT 2022
| Date         : Sun Mar 30 01:33:34 2025
| Host         : DESKTOP-BINRERU running 64-bit major release  (build 9200)
| Command      : report_timing_summary -max_paths 10 -file parser_wrapper_timing_summary_routed.rpt -pb parser_wrapper_timing_summary_routed.pb -rpx parser_wrapper_timing_summary_routed.rpx -warn_on_violation
| Design       : parser_wrapper
| Device       : 7a200t-sbg484
| Speed File   : -1  PRODUCTION 1.23 2018-06-13
-----------------------------------------------------------------------------------------------------------------------------------------------------------------------------------------------------------------

Timing Summary Report

------------------------------------------------------------------------------------------------
| Timer Settings
| --------------
------------------------------------------------------------------------------------------------

  Enable Multi Corner Analysis               :  Yes
  Enable Pessimism Removal                   :  Yes
  Pessimism Removal Resolution               :  Nearest Common Node
  Enable Input Delay Default Clock           :  No
  Enable Preset / Clear Arcs                 :  No
  Disable Flight Delays                      :  No
  Ignore I/O Paths                           :  No
  Timing Early Launch at Borrowing Latches   :  No
  Borrow Time for Max Delay Exceptions       :  Yes
  Merge Timing Exceptions                    :  Yes

  Corner  Analyze    Analyze    
  Name    Max Paths  Min Paths  
  ------  ---------  ---------  
  Slow    Yes        Yes        
  Fast    Yes        Yes        


------------------------------------------------------------------------------------------------
| Report Methodology
| ------------------
------------------------------------------------------------------------------------------------

Rule       Severity  Description                    Violations  
---------  --------  -----------------------------  ----------  
LUTAR-1    Warning   LUT drives async reset alert   1           
TIMING-9   Warning   Unknown CDC Logic              1           
TIMING-18  Warning   Missing input or output delay  16          

Note: This report is based on the most recent report_methodology run and may not be up-to-date. Run report_methodology on the current design for the latest report.



check_timing report

Table of Contents
-----------------
1. checking no_clock (0)
2. checking constant_clock (0)
3. checking pulse_width_clock (0)
4. checking unconstrained_internal_endpoints (0)
5. checking no_input_delay (14)
6. checking no_output_delay (2)
7. checking multiple_clock (0)
8. checking generated_clocks (0)
9. checking loops (0)
10. checking partial_input_delay (0)
11. checking partial_output_delay (0)
12. checking latch_loops (0)

1. checking no_clock (0)
------------------------
 There are 0 register/latch pins with no clock.


2. checking constant_clock (0)
------------------------------
 There are 0 register/latch pins with constant_clock.


3. checking pulse_width_clock (0)
---------------------------------
 There are 0 register/latch pins which need pulse_width check


4. checking unconstrained_internal_endpoints (0)
------------------------------------------------
 There are 0 pins that are not constrained for maximum delay.

 There are 0 pins that are not constrained for maximum delay due to constant clock.


5. checking no_input_delay (14)
-------------------------------
 There are 14 input ports with no input delay specified. (HIGH)

 There are 0 input ports with no input delay but user has a false path constraint.


6. checking no_output_delay (2)
-------------------------------
 There are 2 ports with no output delay specified. (HIGH)

 There are 0 ports with no output delay but user has a false path constraint

 There are 0 ports with no output delay but with a timing clock defined on it or propagating through it


7. checking multiple_clock (0)
------------------------------
 There are 0 register/latch pins with multiple clocks.


8. checking generated_clocks (0)
--------------------------------
 There are 0 generated clocks that are not connected to a clock source.


9. checking loops (0)
---------------------
 There are 0 combinational loops in the design.


10. checking partial_input_delay (0)
------------------------------------
 There are 0 input ports with partial input delay specified.


11. checking partial_output_delay (0)
-------------------------------------
 There are 0 ports with partial output delay specified.


12. checking latch_loops (0)
----------------------------
 There are 0 combinational latch loops in the design through latch input



------------------------------------------------------------------------------------------------
| Design Timing Summary
| ---------------------
------------------------------------------------------------------------------------------------

    WNS(ns)      TNS(ns)  TNS Failing Endpoints  TNS Total Endpoints      WHS(ns)      THS(ns)  THS Failing Endpoints  THS Total Endpoints     WPWS(ns)     TPWS(ns)  TPWS Failing Endpoints  TPWS Total Endpoints  
    -------      -------  ---------------------  -------------------      -------      -------  ---------------------  -------------------     --------     --------  ----------------------  --------------------  
      1.098        0.000                      0                11153        0.058        0.000                      0                11153        3.000        0.000                       0                  4276  


All user specified timing constraints are met.


------------------------------------------------------------------------------------------------
| Clock Summary
| -------------
------------------------------------------------------------------------------------------------

Clock                                                     Waveform(ns)       Period(ns)      Frequency(MHz)
-----                                                     ------------       ----------      --------------
parser_i/mdm_1/U0/Use_E2.BSCAN_I/Use_E2.BSCANE2_I/DRCK    {0.000 16.666}     33.333          30.000          
parser_i/mdm_1/U0/Use_E2.BSCAN_I/Use_E2.BSCANE2_I/UPDATE  {0.000 16.666}     33.333          30.000          
sys_clock                                                 {0.000 5.000}      10.000          100.000         
  clk_out1_parser_clk_wiz_0_0                             {0.000 5.000}      10.000          100.000         
  clkfbout_parser_clk_wiz_0_0                             {0.000 5.000}      10.000          100.000         


------------------------------------------------------------------------------------------------
| Intra Clock Table
| -----------------
------------------------------------------------------------------------------------------------

Clock                                                         WNS(ns)      TNS(ns)  TNS Failing Endpoints  TNS Total Endpoints      WHS(ns)      THS(ns)  THS Failing Endpoints  THS Total Endpoints     WPWS(ns)     TPWS(ns)  TPWS Failing Endpoints  TPWS Total Endpoints  
-----                                                         -------      -------  ---------------------  -------------------      -------      -------  ---------------------  -------------------     --------     --------  ----------------------  --------------------  
parser_i/mdm_1/U0/Use_E2.BSCAN_I/Use_E2.BSCANE2_I/DRCK         13.223        0.000                      0                  222        0.109        0.000                      0                  222       15.686        0.000                       0                   234  
parser_i/mdm_1/U0/Use_E2.BSCAN_I/Use_E2.BSCANE2_I/UPDATE       11.833        0.000                      0                   46        0.263        0.000                      0                   46       16.166        0.000                       0                    40  
sys_clock                                                                                                                                                                                                   3.000        0.000                       0                     1  
  clk_out1_parser_clk_wiz_0_0                                   1.098        0.000                      0                10885        0.058        0.000                      0                10885        3.750        0.000                       0                  3998  
  clkfbout_parser_clk_wiz_0_0                                                                                                                                                                               7.845        0.000                       0                     3  


------------------------------------------------------------------------------------------------
| Inter Clock Table
| -----------------
------------------------------------------------------------------------------------------------

From Clock    To Clock          WNS(ns)      TNS(ns)  TNS Failing Endpoints  TNS Total Endpoints      WHS(ns)      THS(ns)  THS Failing Endpoints  THS Total Endpoints  
----------    --------          -------      -------  ---------------------  -------------------      -------      -------  ---------------------  -------------------  


------------------------------------------------------------------------------------------------
| Other Path Groups Table
| -----------------------
------------------------------------------------------------------------------------------------

Path Group    From Clock    To Clock          WNS(ns)      TNS(ns)  TNS Failing Endpoints  TNS Total Endpoints      WHS(ns)      THS(ns)  THS Failing Endpoints  THS Total Endpoints  
----------    ----------    --------          -------      -------  ---------------------  -------------------      -------      -------  ---------------------  -------------------  


------------------------------------------------------------------------------------------------
| Timing Details
| --------------
------------------------------------------------------------------------------------------------


---------------------------------------------------------------------------------------------------
From Clock:  parser_i/mdm_1/U0/Use_E2.BSCAN_I/Use_E2.BSCANE2_I/DRCK
  To Clock:  parser_i/mdm_1/U0/Use_E2.BSCAN_I/Use_E2.BSCANE2_I/DRCK

Setup :            0  Failing Endpoints,  Worst Slack       13.223ns,  Total Violation        0.000ns
Hold  :            0  Failing Endpoints,  Worst Slack        0.109ns,  Total Violation        0.000ns
PW    :            0  Failing Endpoints,  Worst Slack       15.686ns,  Total Violation        0.000ns
---------------------------------------------------------------------------------------------------


Max Delay Paths
--------------------------------------------------------------------------------------
Slack (MET) :             13.223ns  (required time - arrival time)
  Source:                 parser_i/mdm_1/U0/MDM_Core_I1/JTAG_CONTROL_I/Use_Serial_Unified_Completion.completion_block_reg/C
                            (rising edge-triggered cell FDRE clocked by parser_i/mdm_1/U0/Use_E2.BSCAN_I/Use_E2.BSCANE2_I/DRCK  {rise@0.000ns fall@16.667ns period=33.333ns})
  Destination:            parser_i/mdm_1/U0/MDM_Core_I1/JTAG_CONTROL_I/Use_BSCAN.SYNC_FDRE/Using_FPGA.Native/CE
                            (falling edge-triggered cell FDRE clocked by parser_i/mdm_1/U0/Use_E2.BSCAN_I/Use_E2.BSCANE2_I/DRCK  {rise@0.000ns fall@16.667ns period=33.333ns})
  Path Group:             parser_i/mdm_1/U0/Use_E2.BSCAN_I/Use_E2.BSCANE2_I/DRCK
  Path Type:              Setup (Max at Slow Process Corner)
  Requirement:            16.667ns  (parser_i/mdm_1/U0/Use_E2.BSCAN_I/Use_E2.BSCANE2_I/DRCK fall@16.667ns - parser_i/mdm_1/U0/Use_E2.BSCAN_I/Use_E2.BSCANE2_I/DRCK rise@0.000ns)
  Data Path Delay:        3.167ns  (logic 0.766ns (24.188%)  route 2.401ns (75.812%))
  Logic Levels:           2  (LUT5=1 LUT6=1)
  Clock Path Skew:        -0.039ns (DCD - SCD + CPR)
    Destination Clock Delay (DCD):    3.935ns = ( 20.602 - 16.667 ) 
    Source Clock Delay      (SCD):    4.408ns
    Clock Pessimism Removal (CPR):    0.433ns
  Clock Uncertainty:      0.035ns  ((TSJ^2 + TIJ^2)^1/2 + DJ) / 2 + PE
    Total System Jitter     (TSJ):    0.071ns
    Total Input Jitter      (TIJ):    0.000ns
    Discrete Jitter          (DJ):    0.000ns
    Phase Error              (PE):    0.000ns

    Location             Delay type                Incr(ns)  Path(ns)    Netlist Resource(s)
  -------------------------------------------------------------------    -------------------
                         (clock parser_i/mdm_1/U0/Use_E2.BSCAN_I/Use_E2.BSCANE2_I/DRCK rise edge)
                                                      0.000     0.000 r  
    BSCAN_X0Y1           BSCANE2                      0.000     0.000 r  parser_i/mdm_1/U0/Use_E2.BSCAN_I/Use_E2.BSCANE2_I/DRCK
                         net (fo=1, routed)           2.366     2.366    parser_i/mdm_1/U0/No_Dbg_Reg_Access.BUFG_DRCK/DRCK
    BUFGCTRL_X0Y1        BUFGCTRL (Prop_bufgctrl_I0_O)
                                                      0.096     2.462 r  parser_i/mdm_1/U0/No_Dbg_Reg_Access.BUFG_DRCK/Using_FPGA.Native/O
                         net (fo=233, routed)         1.945     4.408    parser_i/mdm_1/U0/MDM_Core_I1/JTAG_CONTROL_I/Use_unisim.MB_SRL16E_I1
    SLICE_X14Y93         FDRE                                         r  parser_i/mdm_1/U0/MDM_Core_I1/JTAG_CONTROL_I/Use_Serial_Unified_Completion.completion_block_reg/C
  -------------------------------------------------------------------    -------------------
    SLICE_X14Y93         FDRE (Prop_fdre_C_Q)         0.518     4.926 f  parser_i/mdm_1/U0/MDM_Core_I1/JTAG_CONTROL_I/Use_Serial_Unified_Completion.completion_block_reg/Q
                         net (fo=13, routed)          1.278     6.204    parser_i/mdm_1/U0/MDM_Core_I1/JTAG_CONTROL_I/Use_BSCAN.FDC_I/Use_Serial_Unified_Completion.completion_block_reg_0
    SLICE_X19Y96         LUT6 (Prop_lut6_I4_O)        0.124     6.328 r  parser_i/mdm_1/U0/MDM_Core_I1/JTAG_CONTROL_I/Use_BSCAN.FDC_I/Using_FPGA.Native_i_2/O
                         net (fo=1, routed)           0.433     6.761    parser_i/mdm_1/U0/MDM_Core_I1/JTAG_CONTROL_I/Use_BSCAN.FDC_I/Using_FPGA.Native_i_2_n_0
    SLICE_X19Y96         LUT5 (Prop_lut5_I0_O)        0.124     6.885 r  parser_i/mdm_1/U0/MDM_Core_I1/JTAG_CONTROL_I/Use_BSCAN.FDC_I/Using_FPGA.Native_i_1/O
                         net (fo=1, routed)           0.690     7.574    parser_i/mdm_1/U0/MDM_Core_I1/JTAG_CONTROL_I/Use_BSCAN.SYNC_FDRE/CE
    SLICE_X19Y93         FDRE                                         r  parser_i/mdm_1/U0/MDM_Core_I1/JTAG_CONTROL_I/Use_BSCAN.SYNC_FDRE/Using_FPGA.Native/CE
  -------------------------------------------------------------------    -------------------

                         (clock parser_i/mdm_1/U0/Use_E2.BSCAN_I/Use_E2.BSCANE2_I/DRCK fall edge)
                                                     16.667    16.667 f  
    BSCAN_X0Y1           BSCANE2                      0.000    16.667 f  parser_i/mdm_1/U0/Use_E2.BSCAN_I/Use_E2.BSCANE2_I/DRCK
                         net (fo=1, routed)           2.026    18.693    parser_i/mdm_1/U0/No_Dbg_Reg_Access.BUFG_DRCK/DRCK
    BUFGCTRL_X0Y1        BUFGCTRL (Prop_bufgctrl_I0_O)
                                                      0.091    18.784 f  parser_i/mdm_1/U0/No_Dbg_Reg_Access.BUFG_DRCK/Using_FPGA.Native/O
                         net (fo=233, routed)         1.818    20.602    parser_i/mdm_1/U0/MDM_Core_I1/JTAG_CONTROL_I/Use_BSCAN.SYNC_FDRE/Using_FPGA.Native_0
    SLICE_X19Y93         FDRE                                         r  parser_i/mdm_1/U0/MDM_Core_I1/JTAG_CONTROL_I/Use_BSCAN.SYNC_FDRE/Using_FPGA.Native/C  (IS_INVERTED)
                         clock pessimism              0.433    21.035    
                         clock uncertainty           -0.035    21.000    
    SLICE_X19Y93         FDRE (Setup_fdre_C_CE)      -0.202    20.798    parser_i/mdm_1/U0/MDM_Core_I1/JTAG_CONTROL_I/Use_BSCAN.SYNC_FDRE/Using_FPGA.Native
  -------------------------------------------------------------------
                         required time                         20.798    
                         arrival time                          -7.574    
  -------------------------------------------------------------------
                         slack                                 13.223    

Slack (MET) :             13.396ns  (required time - arrival time)
  Source:                 parser_i/mdm_1/U0/MDM_Core_I1/JTAG_CONTROL_I/Use_BSCAN.SYNC_FDRE/Using_FPGA.Native/C
                            (falling edge-triggered cell FDRE clocked by parser_i/mdm_1/U0/Use_E2.BSCAN_I/Use_E2.BSCANE2_I/DRCK  {rise@0.000ns fall@16.667ns period=33.333ns})
  Destination:            parser_i/microblaze_0/U0/MicroBlaze_Core_I/Performance.Core/Use_Debug_Logic.Master_Core.Debug_Perf/Serial_Dbg_Intf.shift_count_reg[5]/D
                            (rising edge-triggered cell FDRE clocked by parser_i/mdm_1/U0/Use_E2.BSCAN_I/Use_E2.BSCANE2_I/DRCK  {rise@0.000ns fall@16.667ns period=33.333ns})
  Path Group:             parser_i/mdm_1/U0/Use_E2.BSCAN_I/Use_E2.BSCANE2_I/DRCK
  Path Type:              Setup (Max at Slow Process Corner)
  Requirement:            16.667ns  (parser_i/mdm_1/U0/Use_E2.BSCAN_I/Use_E2.BSCANE2_I/DRCK rise@33.333ns - parser_i/mdm_1/U0/Use_E2.BSCAN_I/Use_E2.BSCANE2_I/DRCK fall@16.667ns)
  Data Path Delay:        3.221ns  (logic 0.707ns (21.947%)  route 2.514ns (78.053%))
  Logic Levels:           2  (LUT6=2)
  Clock Path Skew:        -0.043ns (DCD - SCD + CPR)
    Destination Clock Delay (DCD):    3.931ns = ( 37.264 - 33.333 ) 
    Source Clock Delay      (SCD):    4.408ns = ( 21.074 - 16.667 ) 
    Clock Pessimism Removal (CPR):    0.433ns
  Clock Uncertainty:      0.035ns  ((TSJ^2 + TIJ^2)^1/2 + DJ) / 2 + PE
    Total System Jitter     (TSJ):    0.071ns
    Total Input Jitter      (TIJ):    0.000ns
    Discrete Jitter          (DJ):    0.000ns
    Phase Error              (PE):    0.000ns

    Location             Delay type                Incr(ns)  Path(ns)    Netlist Resource(s)
  -------------------------------------------------------------------    -------------------
                         (clock parser_i/mdm_1/U0/Use_E2.BSCAN_I/Use_E2.BSCANE2_I/DRCK fall edge)
                                                     16.667    16.667 f  
    BSCAN_X0Y1           BSCANE2                      0.000    16.667 f  parser_i/mdm_1/U0/Use_E2.BSCAN_I/Use_E2.BSCANE2_I/DRCK
                         net (fo=1, routed)           2.366    19.033    parser_i/mdm_1/U0/No_Dbg_Reg_Access.BUFG_DRCK/DRCK
    BUFGCTRL_X0Y1        BUFGCTRL (Prop_bufgctrl_I0_O)
                                                      0.096    19.129 f  parser_i/mdm_1/U0/No_Dbg_Reg_Access.BUFG_DRCK/Using_FPGA.Native/O
                         net (fo=233, routed)         1.945    21.074    parser_i/mdm_1/U0/MDM_Core_I1/JTAG_CONTROL_I/Use_BSCAN.SYNC_FDRE/Using_FPGA.Native_0
    SLICE_X19Y93         FDRE                                         r  parser_i/mdm_1/U0/MDM_Core_I1/JTAG_CONTROL_I/Use_BSCAN.SYNC_FDRE/Using_FPGA.Native/C  (IS_INVERTED)
  -------------------------------------------------------------------    -------------------
    SLICE_X19Y93         FDRE (Prop_fdre_C_Q)         0.459    21.533 r  parser_i/mdm_1/U0/MDM_Core_I1/JTAG_CONTROL_I/Use_BSCAN.SYNC_FDRE/Using_FPGA.Native/Q
                         net (fo=4, routed)           1.047    22.580    parser_i/mdm_1/U0/MDM_Core_I1/JTAG_CONTROL_I/Use_BSCAN.SYNC_FDRE/sync
    SLICE_X16Y93         LUT6 (Prop_lut6_I0_O)        0.124    22.704 r  parser_i/mdm_1/U0/MDM_Core_I1/JTAG_CONTROL_I/Use_BSCAN.SYNC_FDRE/Dbg_Shift_0_INST_0/O
                         net (fo=8, routed)           1.467    24.171    parser_i/microblaze_0/U0/MicroBlaze_Core_I/Performance.Core/Use_Debug_Logic.Master_Core.Debug_Perf/Dbg_Shift
    SLICE_X23Y91         LUT6 (Prop_lut6_I4_O)        0.124    24.295 r  parser_i/microblaze_0/U0/MicroBlaze_Core_I/Performance.Core/Use_Debug_Logic.Master_Core.Debug_Perf/Serial_Dbg_Intf.shift_count[5]_i_1/O
                         net (fo=1, routed)           0.000    24.295    parser_i/microblaze_0/U0/MicroBlaze_Core_I/Performance.Core/Use_Debug_Logic.Master_Core.Debug_Perf/p_0_in[5]
    SLICE_X23Y91         FDRE                                         r  parser_i/microblaze_0/U0/MicroBlaze_Core_I/Performance.Core/Use_Debug_Logic.Master_Core.Debug_Perf/Serial_Dbg_Intf.shift_count_reg[5]/D
  -------------------------------------------------------------------    -------------------

                         (clock parser_i/mdm_1/U0/Use_E2.BSCAN_I/Use_E2.BSCANE2_I/DRCK rise edge)
                                                     33.333    33.333 r  
    BSCAN_X0Y1           BSCANE2                      0.000    33.333 r  parser_i/mdm_1/U0/Use_E2.BSCAN_I/Use_E2.BSCANE2_I/DRCK
                         net (fo=1, routed)           2.026    35.359    parser_i/mdm_1/U0/No_Dbg_Reg_Access.BUFG_DRCK/DRCK
    BUFGCTRL_X0Y1        BUFGCTRL (Prop_bufgctrl_I0_O)
                                                      0.091    35.450 r  parser_i/mdm_1/U0/No_Dbg_Reg_Access.BUFG_DRCK/Using_FPGA.Native/O
                         net (fo=233, routed)         1.814    37.264    parser_i/microblaze_0/U0/MicroBlaze_Core_I/Performance.Core/Use_Debug_Logic.Master_Core.Debug_Perf/Dbg_Clk
    SLICE_X23Y91         FDRE                                         r  parser_i/microblaze_0/U0/MicroBlaze_Core_I/Performance.Core/Use_Debug_Logic.Master_Core.Debug_Perf/Serial_Dbg_Intf.shift_count_reg[5]/C
                         clock pessimism              0.433    37.698    
                         clock uncertainty           -0.035    37.662    
    SLICE_X23Y91         FDRE (Setup_fdre_C_D)        0.029    37.691    parser_i/microblaze_0/U0/MicroBlaze_Core_I/Performance.Core/Use_Debug_Logic.Master_Core.Debug_Perf/Serial_Dbg_Intf.shift_count_reg[5]
  -------------------------------------------------------------------
                         required time                         37.691    
                         arrival time                         -24.295    
  -------------------------------------------------------------------
                         slack                                 13.396    

Slack (MET) :             13.702ns  (required time - arrival time)
  Source:                 parser_i/mdm_1/U0/MDM_Core_I1/JTAG_CONTROL_I/Use_BSCAN.SYNC_FDRE/Using_FPGA.Native/C
                            (falling edge-triggered cell FDRE clocked by parser_i/mdm_1/U0/Use_E2.BSCAN_I/Use_E2.BSCANE2_I/DRCK  {rise@0.000ns fall@16.667ns period=33.333ns})
  Destination:            parser_i/microblaze_0/U0/MicroBlaze_Core_I/Performance.Core/Use_Debug_Logic.Master_Core.Debug_Perf/Serial_Dbg_Intf.shift_count_reg[2]/D
                            (rising edge-triggered cell FDRE clocked by parser_i/mdm_1/U0/Use_E2.BSCAN_I/Use_E2.BSCANE2_I/DRCK  {rise@0.000ns fall@16.667ns period=33.333ns})
  Path Group:             parser_i/mdm_1/U0/Use_E2.BSCAN_I/Use_E2.BSCANE2_I/DRCK
  Path Type:              Setup (Max at Slow Process Corner)
  Requirement:            16.667ns  (parser_i/mdm_1/U0/Use_E2.BSCAN_I/Use_E2.BSCANE2_I/DRCK rise@33.333ns - parser_i/mdm_1/U0/Use_E2.BSCAN_I/Use_E2.BSCANE2_I/DRCK fall@16.667ns)
  Data Path Delay:        2.917ns  (logic 0.707ns (24.236%)  route 2.210ns (75.764%))
  Logic Levels:           2  (LUT4=1 LUT6=1)
  Clock Path Skew:        -0.041ns (DCD - SCD + CPR)
    Destination Clock Delay (DCD):    3.933ns = ( 37.266 - 33.333 ) 
    Source Clock Delay      (SCD):    4.408ns = ( 21.074 - 16.667 ) 
    Clock Pessimism Removal (CPR):    0.433ns
  Clock Uncertainty:      0.035ns  ((TSJ^2 + TIJ^2)^1/2 + DJ) / 2 + PE
    Total System Jitter     (TSJ):    0.071ns
    Total Input Jitter      (TIJ):    0.000ns
    Discrete Jitter          (DJ):    0.000ns
    Phase Error              (PE):    0.000ns

    Location             Delay type                Incr(ns)  Path(ns)    Netlist Resource(s)
  -------------------------------------------------------------------    -------------------
                         (clock parser_i/mdm_1/U0/Use_E2.BSCAN_I/Use_E2.BSCANE2_I/DRCK fall edge)
                                                     16.667    16.667 f  
    BSCAN_X0Y1           BSCANE2                      0.000    16.667 f  parser_i/mdm_1/U0/Use_E2.BSCAN_I/Use_E2.BSCANE2_I/DRCK
                         net (fo=1, routed)           2.366    19.033    parser_i/mdm_1/U0/No_Dbg_Reg_Access.BUFG_DRCK/DRCK
    BUFGCTRL_X0Y1        BUFGCTRL (Prop_bufgctrl_I0_O)
                                                      0.096    19.129 f  parser_i/mdm_1/U0/No_Dbg_Reg_Access.BUFG_DRCK/Using_FPGA.Native/O
                         net (fo=233, routed)         1.945    21.074    parser_i/mdm_1/U0/MDM_Core_I1/JTAG_CONTROL_I/Use_BSCAN.SYNC_FDRE/Using_FPGA.Native_0
    SLICE_X19Y93         FDRE                                         r  parser_i/mdm_1/U0/MDM_Core_I1/JTAG_CONTROL_I/Use_BSCAN.SYNC_FDRE/Using_FPGA.Native/C  (IS_INVERTED)
  -------------------------------------------------------------------    -------------------
    SLICE_X19Y93         FDRE (Prop_fdre_C_Q)         0.459    21.533 r  parser_i/mdm_1/U0/MDM_Core_I1/JTAG_CONTROL_I/Use_BSCAN.SYNC_FDRE/Using_FPGA.Native/Q
                         net (fo=4, routed)           1.047    22.580    parser_i/mdm_1/U0/MDM_Core_I1/JTAG_CONTROL_I/Use_BSCAN.SYNC_FDRE/sync
    SLICE_X16Y93         LUT6 (Prop_lut6_I0_O)        0.124    22.704 r  parser_i/mdm_1/U0/MDM_Core_I1/JTAG_CONTROL_I/Use_BSCAN.SYNC_FDRE/Dbg_Shift_0_INST_0/O
                         net (fo=8, routed)           1.163    23.867    parser_i/microblaze_0/U0/MicroBlaze_Core_I/Performance.Core/Use_Debug_Logic.Master_Core.Debug_Perf/Dbg_Shift
    SLICE_X21Y91         LUT4 (Prop_lut4_I2_O)        0.124    23.991 r  parser_i/microblaze_0/U0/MicroBlaze_Core_I/Performance.Core/Use_Debug_Logic.Master_Core.Debug_Perf/Serial_Dbg_Intf.shift_count[2]_i_1/O
                         net (fo=1, routed)           0.000    23.991    parser_i/microblaze_0/U0/MicroBlaze_Core_I/Performance.Core/Use_Debug_Logic.Master_Core.Debug_Perf/p_0_in[2]
    SLICE_X21Y91         FDRE                                         r  parser_i/microblaze_0/U0/MicroBlaze_Core_I/Performance.Core/Use_Debug_Logic.Master_Core.Debug_Perf/Serial_Dbg_Intf.shift_count_reg[2]/D
  -------------------------------------------------------------------    -------------------

                         (clock parser_i/mdm_1/U0/Use_E2.BSCAN_I/Use_E2.BSCANE2_I/DRCK rise edge)
                                                     33.333    33.333 r  
    BSCAN_X0Y1           BSCANE2                      0.000    33.333 r  parser_i/mdm_1/U0/Use_E2.BSCAN_I/Use_E2.BSCANE2_I/DRCK
                         net (fo=1, routed)           2.026    35.359    parser_i/mdm_1/U0/No_Dbg_Reg_Access.BUFG_DRCK/DRCK
    BUFGCTRL_X0Y1        BUFGCTRL (Prop_bufgctrl_I0_O)
                                                      0.091    35.450 r  parser_i/mdm_1/U0/No_Dbg_Reg_Access.BUFG_DRCK/Using_FPGA.Native/O
                         net (fo=233, routed)         1.816    37.266    parser_i/microblaze_0/U0/MicroBlaze_Core_I/Performance.Core/Use_Debug_Logic.Master_Core.Debug_Perf/Dbg_Clk
    SLICE_X21Y91         FDRE                                         r  parser_i/microblaze_0/U0/MicroBlaze_Core_I/Performance.Core/Use_Debug_Logic.Master_Core.Debug_Perf/Serial_Dbg_Intf.shift_count_reg[2]/C
                         clock pessimism              0.433    37.700    
                         clock uncertainty           -0.035    37.664    
    SLICE_X21Y91         FDRE (Setup_fdre_C_D)        0.029    37.693    parser_i/microblaze_0/U0/MicroBlaze_Core_I/Performance.Core/Use_Debug_Logic.Master_Core.Debug_Perf/Serial_Dbg_Intf.shift_count_reg[2]
  -------------------------------------------------------------------
                         required time                         37.693    
                         arrival time                         -23.991    
  -------------------------------------------------------------------
                         slack                                 13.702    

Slack (MET) :             13.702ns  (required time - arrival time)
  Source:                 parser_i/mdm_1/U0/MDM_Core_I1/JTAG_CONTROL_I/Use_BSCAN.SYNC_FDRE/Using_FPGA.Native/C
                            (falling edge-triggered cell FDRE clocked by parser_i/mdm_1/U0/Use_E2.BSCAN_I/Use_E2.BSCANE2_I/DRCK  {rise@0.000ns fall@16.667ns period=33.333ns})
  Destination:            parser_i/microblaze_0/U0/MicroBlaze_Core_I/Performance.Core/Use_Debug_Logic.Master_Core.Debug_Perf/Serial_Dbg_Intf.shift_count_reg[4]/D
                            (rising edge-triggered cell FDRE clocked by parser_i/mdm_1/U0/Use_E2.BSCAN_I/Use_E2.BSCANE2_I/DRCK  {rise@0.000ns fall@16.667ns period=33.333ns})
  Path Group:             parser_i/mdm_1/U0/Use_E2.BSCAN_I/Use_E2.BSCANE2_I/DRCK
  Path Type:              Setup (Max at Slow Process Corner)
  Requirement:            16.667ns  (parser_i/mdm_1/U0/Use_E2.BSCAN_I/Use_E2.BSCANE2_I/DRCK rise@33.333ns - parser_i/mdm_1/U0/Use_E2.BSCAN_I/Use_E2.BSCANE2_I/DRCK fall@16.667ns)
  Data Path Delay:        2.919ns  (logic 0.707ns (24.219%)  route 2.212ns (75.781%))
  Logic Levels:           2  (LUT6=2)
  Clock Path Skew:        -0.041ns (DCD - SCD + CPR)
    Destination Clock Delay (DCD):    3.933ns = ( 37.266 - 33.333 ) 
    Source Clock Delay      (SCD):    4.408ns = ( 21.074 - 16.667 ) 
    Clock Pessimism Removal (CPR):    0.433ns
  Clock Uncertainty:      0.035ns  ((TSJ^2 + TIJ^2)^1/2 + DJ) / 2 + PE
    Total System Jitter     (TSJ):    0.071ns
    Total Input Jitter      (TIJ):    0.000ns
    Discrete Jitter          (DJ):    0.000ns
    Phase Error              (PE):    0.000ns

    Location             Delay type                Incr(ns)  Path(ns)    Netlist Resource(s)
  -------------------------------------------------------------------    -------------------
                         (clock parser_i/mdm_1/U0/Use_E2.BSCAN_I/Use_E2.BSCANE2_I/DRCK fall edge)
                                                     16.667    16.667 f  
    BSCAN_X0Y1           BSCANE2                      0.000    16.667 f  parser_i/mdm_1/U0/Use_E2.BSCAN_I/Use_E2.BSCANE2_I/DRCK
                         net (fo=1, routed)           2.366    19.033    parser_i/mdm_1/U0/No_Dbg_Reg_Access.BUFG_DRCK/DRCK
    BUFGCTRL_X0Y1        BUFGCTRL (Prop_bufgctrl_I0_O)
                                                      0.096    19.129 f  parser_i/mdm_1/U0/No_Dbg_Reg_Access.BUFG_DRCK/Using_FPGA.Native/O
                         net (fo=233, routed)         1.945    21.074    parser_i/mdm_1/U0/MDM_Core_I1/JTAG_CONTROL_I/Use_BSCAN.SYNC_FDRE/Using_FPGA.Native_0
    SLICE_X19Y93         FDRE                                         r  parser_i/mdm_1/U0/MDM_Core_I1/JTAG_CONTROL_I/Use_BSCAN.SYNC_FDRE/Using_FPGA.Native/C  (IS_INVERTED)
  -------------------------------------------------------------------    -------------------
    SLICE_X19Y93         FDRE (Prop_fdre_C_Q)         0.459    21.533 r  parser_i/mdm_1/U0/MDM_Core_I1/JTAG_CONTROL_I/Use_BSCAN.SYNC_FDRE/Using_FPGA.Native/Q
                         net (fo=4, routed)           1.047    22.580    parser_i/mdm_1/U0/MDM_Core_I1/JTAG_CONTROL_I/Use_BSCAN.SYNC_FDRE/sync
    SLICE_X16Y93         LUT6 (Prop_lut6_I0_O)        0.124    22.704 r  parser_i/mdm_1/U0/MDM_Core_I1/JTAG_CONTROL_I/Use_BSCAN.SYNC_FDRE/Dbg_Shift_0_INST_0/O
                         net (fo=8, routed)           1.165    23.869    parser_i/microblaze_0/U0/MicroBlaze_Core_I/Performance.Core/Use_Debug_Logic.Master_Core.Debug_Perf/Dbg_Shift
    SLICE_X21Y91         LUT6 (Prop_lut6_I4_O)        0.124    23.993 r  parser_i/microblaze_0/U0/MicroBlaze_Core_I/Performance.Core/Use_Debug_Logic.Master_Core.Debug_Perf/Serial_Dbg_Intf.shift_count[4]_i_1/O
                         net (fo=1, routed)           0.000    23.993    parser_i/microblaze_0/U0/MicroBlaze_Core_I/Performance.Core/Use_Debug_Logic.Master_Core.Debug_Perf/p_0_in[4]
    SLICE_X21Y91         FDRE                                         r  parser_i/microblaze_0/U0/MicroBlaze_Core_I/Performance.Core/Use_Debug_Logic.Master_Core.Debug_Perf/Serial_Dbg_Intf.shift_count_reg[4]/D
  -------------------------------------------------------------------    -------------------

                         (clock parser_i/mdm_1/U0/Use_E2.BSCAN_I/Use_E2.BSCANE2_I/DRCK rise edge)
                                                     33.333    33.333 r  
    BSCAN_X0Y1           BSCANE2                      0.000    33.333 r  parser_i/mdm_1/U0/Use_E2.BSCAN_I/Use_E2.BSCANE2_I/DRCK
                         net (fo=1, routed)           2.026    35.359    parser_i/mdm_1/U0/No_Dbg_Reg_Access.BUFG_DRCK/DRCK
    BUFGCTRL_X0Y1        BUFGCTRL (Prop_bufgctrl_I0_O)
                                                      0.091    35.450 r  parser_i/mdm_1/U0/No_Dbg_Reg_Access.BUFG_DRCK/Using_FPGA.Native/O
                         net (fo=233, routed)         1.816    37.266    parser_i/microblaze_0/U0/MicroBlaze_Core_I/Performance.Core/Use_Debug_Logic.Master_Core.Debug_Perf/Dbg_Clk
    SLICE_X21Y91         FDRE                                         r  parser_i/microblaze_0/U0/MicroBlaze_Core_I/Performance.Core/Use_Debug_Logic.Master_Core.Debug_Perf/Serial_Dbg_Intf.shift_count_reg[4]/C
                         clock pessimism              0.433    37.700    
                         clock uncertainty           -0.035    37.664    
    SLICE_X21Y91         FDRE (Setup_fdre_C_D)        0.031    37.695    parser_i/microblaze_0/U0/MicroBlaze_Core_I/Performance.Core/Use_Debug_Logic.Master_Core.Debug_Perf/Serial_Dbg_Intf.shift_count_reg[4]
  -------------------------------------------------------------------
                         required time                         37.695    
                         arrival time                         -23.993    
  -------------------------------------------------------------------
                         slack                                 13.702    

Slack (MET) :             13.720ns  (required time - arrival time)
  Source:                 parser_i/mdm_1/U0/MDM_Core_I1/JTAG_CONTROL_I/Use_BSCAN.SYNC_FDRE/Using_FPGA.Native/C
                            (falling edge-triggered cell FDRE clocked by parser_i/mdm_1/U0/Use_E2.BSCAN_I/Use_E2.BSCANE2_I/DRCK  {rise@0.000ns fall@16.667ns period=33.333ns})
  Destination:            parser_i/microblaze_0/U0/MicroBlaze_Core_I/Performance.Core/Use_Debug_Logic.Master_Core.Debug_Perf/Serial_Dbg_Intf.shift_count_reg[3]/D
                            (rising edge-triggered cell FDRE clocked by parser_i/mdm_1/U0/Use_E2.BSCAN_I/Use_E2.BSCANE2_I/DRCK  {rise@0.000ns fall@16.667ns period=33.333ns})
  Path Group:             parser_i/mdm_1/U0/Use_E2.BSCAN_I/Use_E2.BSCANE2_I/DRCK
  Path Type:              Setup (Max at Slow Process Corner)
  Requirement:            16.667ns  (parser_i/mdm_1/U0/Use_E2.BSCAN_I/Use_E2.BSCANE2_I/DRCK rise@33.333ns - parser_i/mdm_1/U0/Use_E2.BSCAN_I/Use_E2.BSCANE2_I/DRCK fall@16.667ns)
  Data Path Delay:        2.945ns  (logic 0.735ns (24.956%)  route 2.210ns (75.044%))
  Logic Levels:           2  (LUT5=1 LUT6=1)
  Clock Path Skew:        -0.041ns (DCD - SCD + CPR)
    Destination Clock Delay (DCD):    3.933ns = ( 37.266 - 33.333 ) 
    Source Clock Delay      (SCD):    4.408ns = ( 21.074 - 16.667 ) 
    Clock Pessimism Removal (CPR):    0.433ns
  Clock Uncertainty:      0.035ns  ((TSJ^2 + TIJ^2)^1/2 + DJ) / 2 + PE
    Total System Jitter     (TSJ):    0.071ns
    Total Input Jitter      (TIJ):    0.000ns
    Discrete Jitter          (DJ):    0.000ns
    Phase Error              (PE):    0.000ns

    Location             Delay type                Incr(ns)  Path(ns)    Netlist Resource(s)
  -------------------------------------------------------------------    -------------------
                         (clock parser_i/mdm_1/U0/Use_E2.BSCAN_I/Use_E2.BSCANE2_I/DRCK fall edge)
                                                     16.667    16.667 f  
    BSCAN_X0Y1           BSCANE2                      0.000    16.667 f  parser_i/mdm_1/U0/Use_E2.BSCAN_I/Use_E2.BSCANE2_I/DRCK
                         net (fo=1, routed)           2.366    19.033    parser_i/mdm_1/U0/No_Dbg_Reg_Access.BUFG_DRCK/DRCK
    BUFGCTRL_X0Y1        BUFGCTRL (Prop_bufgctrl_I0_O)
                                                      0.096    19.129 f  parser_i/mdm_1/U0/No_Dbg_Reg_Access.BUFG_DRCK/Using_FPGA.Native/O
                         net (fo=233, routed)         1.945    21.074    parser_i/mdm_1/U0/MDM_Core_I1/JTAG_CONTROL_I/Use_BSCAN.SYNC_FDRE/Using_FPGA.Native_0
    SLICE_X19Y93         FDRE                                         r  parser_i/mdm_1/U0/MDM_Core_I1/JTAG_CONTROL_I/Use_BSCAN.SYNC_FDRE/Using_FPGA.Native/C  (IS_INVERTED)
  -------------------------------------------------------------------    -------------------
    SLICE_X19Y93         FDRE (Prop_fdre_C_Q)         0.459    21.533 r  parser_i/mdm_1/U0/MDM_Core_I1/JTAG_CONTROL_I/Use_BSCAN.SYNC_FDRE/Using_FPGA.Native/Q
                         net (fo=4, routed)           1.047    22.580    parser_i/mdm_1/U0/MDM_Core_I1/JTAG_CONTROL_I/Use_BSCAN.SYNC_FDRE/sync
    SLICE_X16Y93         LUT6 (Prop_lut6_I0_O)        0.124    22.704 r  parser_i/mdm_1/U0/MDM_Core_I1/JTAG_CONTROL_I/Use_BSCAN.SYNC_FDRE/Dbg_Shift_0_INST_0/O
                         net (fo=8, routed)           1.163    23.867    parser_i/microblaze_0/U0/MicroBlaze_Core_I/Performance.Core/Use_Debug_Logic.Master_Core.Debug_Perf/Dbg_Shift
    SLICE_X21Y91         LUT5 (Prop_lut5_I3_O)        0.152    24.019 r  parser_i/microblaze_0/U0/MicroBlaze_Core_I/Performance.Core/Use_Debug_Logic.Master_Core.Debug_Perf/Serial_Dbg_Intf.shift_count[3]_i_1/O
                         net (fo=1, routed)           0.000    24.019    parser_i/microblaze_0/U0/MicroBlaze_Core_I/Performance.Core/Use_Debug_Logic.Master_Core.Debug_Perf/p_0_in[3]
    SLICE_X21Y91         FDRE                                         r  parser_i/microblaze_0/U0/MicroBlaze_Core_I/Performance.Core/Use_Debug_Logic.Master_Core.Debug_Perf/Serial_Dbg_Intf.shift_count_reg[3]/D
  -------------------------------------------------------------------    -------------------

                         (clock parser_i/mdm_1/U0/Use_E2.BSCAN_I/Use_E2.BSCANE2_I/DRCK rise edge)
                                                     33.333    33.333 r  
    BSCAN_X0Y1           BSCANE2                      0.000    33.333 r  parser_i/mdm_1/U0/Use_E2.BSCAN_I/Use_E2.BSCANE2_I/DRCK
                         net (fo=1, routed)           2.026    35.359    parser_i/mdm_1/U0/No_Dbg_Reg_Access.BUFG_DRCK/DRCK
    BUFGCTRL_X0Y1        BUFGCTRL (Prop_bufgctrl_I0_O)
                                                      0.091    35.450 r  parser_i/mdm_1/U0/No_Dbg_Reg_Access.BUFG_DRCK/Using_FPGA.Native/O
                         net (fo=233, routed)         1.816    37.266    parser_i/microblaze_0/U0/MicroBlaze_Core_I/Performance.Core/Use_Debug_Logic.Master_Core.Debug_Perf/Dbg_Clk
    SLICE_X21Y91         FDRE                                         r  parser_i/microblaze_0/U0/MicroBlaze_Core_I/Performance.Core/Use_Debug_Logic.Master_Core.Debug_Perf/Serial_Dbg_Intf.shift_count_reg[3]/C
                         clock pessimism              0.433    37.700    
                         clock uncertainty           -0.035    37.664    
    SLICE_X21Y91         FDRE (Setup_fdre_C_D)        0.075    37.739    parser_i/microblaze_0/U0/MicroBlaze_Core_I/Performance.Core/Use_Debug_Logic.Master_Core.Debug_Perf/Serial_Dbg_Intf.shift_count_reg[3]
  -------------------------------------------------------------------
                         required time                         37.739    
                         arrival time                         -24.019    
  -------------------------------------------------------------------
                         slack                                 13.720    

Slack (MET) :             13.735ns  (required time - arrival time)
  Source:                 parser_i/mdm_1/U0/MDM_Core_I1/JTAG_CONTROL_I/Use_BSCAN.SYNC_FDRE/Using_FPGA.Native/C
                            (falling edge-triggered cell FDRE clocked by parser_i/mdm_1/U0/Use_E2.BSCAN_I/Use_E2.BSCANE2_I/DRCK  {rise@0.000ns fall@16.667ns period=33.333ns})
  Destination:            parser_i/microblaze_0/U0/MicroBlaze_Core_I/Performance.Core/Use_Debug_Logic.Master_Core.Debug_Perf/Serial_Dbg_Intf.shift_count_reg[6]/D
                            (rising edge-triggered cell FDRE clocked by parser_i/mdm_1/U0/Use_E2.BSCAN_I/Use_E2.BSCANE2_I/DRCK  {rise@0.000ns fall@16.667ns period=33.333ns})
  Path Group:             parser_i/mdm_1/U0/Use_E2.BSCAN_I/Use_E2.BSCANE2_I/DRCK
  Path Type:              Setup (Max at Slow Process Corner)
  Requirement:            16.667ns  (parser_i/mdm_1/U0/Use_E2.BSCAN_I/Use_E2.BSCANE2_I/DRCK rise@33.333ns - parser_i/mdm_1/U0/Use_E2.BSCAN_I/Use_E2.BSCANE2_I/DRCK fall@16.667ns)
  Data Path Delay:        2.932ns  (logic 0.707ns (24.112%)  route 2.225ns (75.888%))
  Logic Levels:           2  (LUT3=1 LUT6=1)
  Clock Path Skew:        -0.041ns (DCD - SCD + CPR)
    Destination Clock Delay (DCD):    3.933ns = ( 37.266 - 33.333 ) 
    Source Clock Delay      (SCD):    4.408ns = ( 21.074 - 16.667 ) 
    Clock Pessimism Removal (CPR):    0.433ns
  Clock Uncertainty:      0.035ns  ((TSJ^2 + TIJ^2)^1/2 + DJ) / 2 + PE
    Total System Jitter     (TSJ):    0.071ns
    Total Input Jitter      (TIJ):    0.000ns
    Discrete Jitter          (DJ):    0.000ns
    Phase Error              (PE):    0.000ns

    Location             Delay type                Incr(ns)  Path(ns)    Netlist Resource(s)
  -------------------------------------------------------------------    -------------------
                         (clock parser_i/mdm_1/U0/Use_E2.BSCAN_I/Use_E2.BSCANE2_I/DRCK fall edge)
                                                     16.667    16.667 f  
    BSCAN_X0Y1           BSCANE2                      0.000    16.667 f  parser_i/mdm_1/U0/Use_E2.BSCAN_I/Use_E2.BSCANE2_I/DRCK
                         net (fo=1, routed)           2.366    19.033    parser_i/mdm_1/U0/No_Dbg_Reg_Access.BUFG_DRCK/DRCK
    BUFGCTRL_X0Y1        BUFGCTRL (Prop_bufgctrl_I0_O)
                                                      0.096    19.129 f  parser_i/mdm_1/U0/No_Dbg_Reg_Access.BUFG_DRCK/Using_FPGA.Native/O
                         net (fo=233, routed)         1.945    21.074    parser_i/mdm_1/U0/MDM_Core_I1/JTAG_CONTROL_I/Use_BSCAN.SYNC_FDRE/Using_FPGA.Native_0
    SLICE_X19Y93         FDRE                                         r  parser_i/mdm_1/U0/MDM_Core_I1/JTAG_CONTROL_I/Use_BSCAN.SYNC_FDRE/Using_FPGA.Native/C  (IS_INVERTED)
  -------------------------------------------------------------------    -------------------
    SLICE_X19Y93         FDRE (Prop_fdre_C_Q)         0.459    21.533 r  parser_i/mdm_1/U0/MDM_Core_I1/JTAG_CONTROL_I/Use_BSCAN.SYNC_FDRE/Using_FPGA.Native/Q
                         net (fo=4, routed)           1.047    22.580    parser_i/mdm_1/U0/MDM_Core_I1/JTAG_CONTROL_I/Use_BSCAN.SYNC_FDRE/sync
    SLICE_X16Y93         LUT6 (Prop_lut6_I0_O)        0.124    22.704 r  parser_i/mdm_1/U0/MDM_Core_I1/JTAG_CONTROL_I/Use_BSCAN.SYNC_FDRE/Dbg_Shift_0_INST_0/O
                         net (fo=8, routed)           1.178    23.882    parser_i/microblaze_0/U0/MicroBlaze_Core_I/Performance.Core/Use_Debug_Logic.Master_Core.Debug_Perf/Dbg_Shift
    SLICE_X20Y91         LUT3 (Prop_lut3_I1_O)        0.124    24.006 r  parser_i/microblaze_0/U0/MicroBlaze_Core_I/Performance.Core/Use_Debug_Logic.Master_Core.Debug_Perf/Serial_Dbg_Intf.shift_count[6]_i_1/O
                         net (fo=1, routed)           0.000    24.006    parser_i/microblaze_0/U0/MicroBlaze_Core_I/Performance.Core/Use_Debug_Logic.Master_Core.Debug_Perf/p_0_in[6]
    SLICE_X20Y91         FDRE                                         r  parser_i/microblaze_0/U0/MicroBlaze_Core_I/Performance.Core/Use_Debug_Logic.Master_Core.Debug_Perf/Serial_Dbg_Intf.shift_count_reg[6]/D
  -------------------------------------------------------------------    -------------------

                         (clock parser_i/mdm_1/U0/Use_E2.BSCAN_I/Use_E2.BSCANE2_I/DRCK rise edge)
                                                     33.333    33.333 r  
    BSCAN_X0Y1           BSCANE2                      0.000    33.333 r  parser_i/mdm_1/U0/Use_E2.BSCAN_I/Use_E2.BSCANE2_I/DRCK
                         net (fo=1, routed)           2.026    35.359    parser_i/mdm_1/U0/No_Dbg_Reg_Access.BUFG_DRCK/DRCK
    BUFGCTRL_X0Y1        BUFGCTRL (Prop_bufgctrl_I0_O)
                                                      0.091    35.450 r  parser_i/mdm_1/U0/No_Dbg_Reg_Access.BUFG_DRCK/Using_FPGA.Native/O
                         net (fo=233, routed)         1.816    37.266    parser_i/microblaze_0/U0/MicroBlaze_Core_I/Performance.Core/Use_Debug_Logic.Master_Core.Debug_Perf/Dbg_Clk
    SLICE_X20Y91         FDRE                                         r  parser_i/microblaze_0/U0/MicroBlaze_Core_I/Performance.Core/Use_Debug_Logic.Master_Core.Debug_Perf/Serial_Dbg_Intf.shift_count_reg[6]/C
                         clock pessimism              0.433    37.700    
                         clock uncertainty           -0.035    37.664    
    SLICE_X20Y91         FDRE (Setup_fdre_C_D)        0.077    37.741    parser_i/microblaze_0/U0/MicroBlaze_Core_I/Performance.Core/Use_Debug_Logic.Master_Core.Debug_Perf/Serial_Dbg_Intf.shift_count_reg[6]
  -------------------------------------------------------------------
                         required time                         37.741    
                         arrival time                         -24.006    
  -------------------------------------------------------------------
                         slack                                 13.735    

Slack (MET) :             13.750ns  (required time - arrival time)
  Source:                 parser_i/mdm_1/U0/MDM_Core_I1/JTAG_CONTROL_I/Use_BSCAN.SYNC_FDRE/Using_FPGA.Native/C
                            (falling edge-triggered cell FDRE clocked by parser_i/mdm_1/U0/Use_E2.BSCAN_I/Use_E2.BSCANE2_I/DRCK  {rise@0.000ns fall@16.667ns period=33.333ns})
  Destination:            parser_i/microblaze_0/U0/MicroBlaze_Core_I/Performance.Core/Use_Debug_Logic.Master_Core.Debug_Perf/Serial_Dbg_Intf.shift_count_reg[7]/D
                            (rising edge-triggered cell FDRE clocked by parser_i/mdm_1/U0/Use_E2.BSCAN_I/Use_E2.BSCANE2_I/DRCK  {rise@0.000ns fall@16.667ns period=33.333ns})
  Path Group:             parser_i/mdm_1/U0/Use_E2.BSCAN_I/Use_E2.BSCANE2_I/DRCK
  Path Type:              Setup (Max at Slow Process Corner)
  Requirement:            16.667ns  (parser_i/mdm_1/U0/Use_E2.BSCAN_I/Use_E2.BSCANE2_I/DRCK rise@33.333ns - parser_i/mdm_1/U0/Use_E2.BSCAN_I/Use_E2.BSCANE2_I/DRCK fall@16.667ns)
  Data Path Delay:        2.958ns  (logic 0.733ns (24.779%)  route 2.225ns (75.221%))
  Logic Levels:           2  (LUT4=1 LUT6=1)
  Clock Path Skew:        -0.041ns (DCD - SCD + CPR)
    Destination Clock Delay (DCD):    3.933ns = ( 37.266 - 33.333 ) 
    Source Clock Delay      (SCD):    4.408ns = ( 21.074 - 16.667 ) 
    Clock Pessimism Removal (CPR):    0.433ns
  Clock Uncertainty:      0.035ns  ((TSJ^2 + TIJ^2)^1/2 + DJ) / 2 + PE
    Total System Jitter     (TSJ):    0.071ns
    Total Input Jitter      (TIJ):    0.000ns
    Discrete Jitter          (DJ):    0.000ns
    Phase Error              (PE):    0.000ns

    Location             Delay type                Incr(ns)  Path(ns)    Netlist Resource(s)
  -------------------------------------------------------------------    -------------------
                         (clock parser_i/mdm_1/U0/Use_E2.BSCAN_I/Use_E2.BSCANE2_I/DRCK fall edge)
                                                     16.667    16.667 f  
    BSCAN_X0Y1           BSCANE2                      0.000    16.667 f  parser_i/mdm_1/U0/Use_E2.BSCAN_I/Use_E2.BSCANE2_I/DRCK
                         net (fo=1, routed)           2.366    19.033    parser_i/mdm_1/U0/No_Dbg_Reg_Access.BUFG_DRCK/DRCK
    BUFGCTRL_X0Y1        BUFGCTRL (Prop_bufgctrl_I0_O)
                                                      0.096    19.129 f  parser_i/mdm_1/U0/No_Dbg_Reg_Access.BUFG_DRCK/Using_FPGA.Native/O
                         net (fo=233, routed)         1.945    21.074    parser_i/mdm_1/U0/MDM_Core_I1/JTAG_CONTROL_I/Use_BSCAN.SYNC_FDRE/Using_FPGA.Native_0
    SLICE_X19Y93         FDRE                                         r  parser_i/mdm_1/U0/MDM_Core_I1/JTAG_CONTROL_I/Use_BSCAN.SYNC_FDRE/Using_FPGA.Native/C  (IS_INVERTED)
  -------------------------------------------------------------------    -------------------
    SLICE_X19Y93         FDRE (Prop_fdre_C_Q)         0.459    21.533 r  parser_i/mdm_1/U0/MDM_Core_I1/JTAG_CONTROL_I/Use_BSCAN.SYNC_FDRE/Using_FPGA.Native/Q
                         net (fo=4, routed)           1.047    22.580    parser_i/mdm_1/U0/MDM_Core_I1/JTAG_CONTROL_I/Use_BSCAN.SYNC_FDRE/sync
    SLICE_X16Y93         LUT6 (Prop_lut6_I0_O)        0.124    22.704 r  parser_i/mdm_1/U0/MDM_Core_I1/JTAG_CONTROL_I/Use_BSCAN.SYNC_FDRE/Dbg_Shift_0_INST_0/O
                         net (fo=8, routed)           1.178    23.882    parser_i/microblaze_0/U0/MicroBlaze_Core_I/Performance.Core/Use_Debug_Logic.Master_Core.Debug_Perf/Dbg_Shift
    SLICE_X20Y91         LUT4 (Prop_lut4_I2_O)        0.150    24.032 r  parser_i/microblaze_0/U0/MicroBlaze_Core_I/Performance.Core/Use_Debug_Logic.Master_Core.Debug_Perf/Serial_Dbg_Intf.shift_count[7]_i_1/O
                         net (fo=1, routed)           0.000    24.032    parser_i/microblaze_0/U0/MicroBlaze_Core_I/Performance.Core/Use_Debug_Logic.Master_Core.Debug_Perf/p_0_in[7]
    SLICE_X20Y91         FDRE                                         r  parser_i/microblaze_0/U0/MicroBlaze_Core_I/Performance.Core/Use_Debug_Logic.Master_Core.Debug_Perf/Serial_Dbg_Intf.shift_count_reg[7]/D
  -------------------------------------------------------------------    -------------------

                         (clock parser_i/mdm_1/U0/Use_E2.BSCAN_I/Use_E2.BSCANE2_I/DRCK rise edge)
                                                     33.333    33.333 r  
    BSCAN_X0Y1           BSCANE2                      0.000    33.333 r  parser_i/mdm_1/U0/Use_E2.BSCAN_I/Use_E2.BSCANE2_I/DRCK
                         net (fo=1, routed)           2.026    35.359    parser_i/mdm_1/U0/No_Dbg_Reg_Access.BUFG_DRCK/DRCK
    BUFGCTRL_X0Y1        BUFGCTRL (Prop_bufgctrl_I0_O)
                                                      0.091    35.450 r  parser_i/mdm_1/U0/No_Dbg_Reg_Access.BUFG_DRCK/Using_FPGA.Native/O
                         net (fo=233, routed)         1.816    37.266    parser_i/microblaze_0/U0/MicroBlaze_Core_I/Performance.Core/Use_Debug_Logic.Master_Core.Debug_Perf/Dbg_Clk
    SLICE_X20Y91         FDRE                                         r  parser_i/microblaze_0/U0/MicroBlaze_Core_I/Performance.Core/Use_Debug_Logic.Master_Core.Debug_Perf/Serial_Dbg_Intf.shift_count_reg[7]/C
                         clock pessimism              0.433    37.700    
                         clock uncertainty           -0.035    37.664    
    SLICE_X20Y91         FDRE (Setup_fdre_C_D)        0.118    37.782    parser_i/microblaze_0/U0/MicroBlaze_Core_I/Performance.Core/Use_Debug_Logic.Master_Core.Debug_Perf/Serial_Dbg_Intf.shift_count_reg[7]
  -------------------------------------------------------------------
                         required time                         37.782    
                         arrival time                         -24.032    
  -------------------------------------------------------------------
                         slack                                 13.750    

Slack (MET) :             13.784ns  (required time - arrival time)
  Source:                 parser_i/mdm_1/U0/MDM_Core_I1/JTAG_CONTROL_I/Use_BSCAN.SYNC_FDRE/Using_FPGA.Native/C
                            (falling edge-triggered cell FDRE clocked by parser_i/mdm_1/U0/Use_E2.BSCAN_I/Use_E2.BSCANE2_I/DRCK  {rise@0.000ns fall@16.667ns period=33.333ns})
  Destination:            parser_i/microblaze_0/U0/MicroBlaze_Core_I/Performance.Core/Use_Debug_Logic.Master_Core.Debug_Perf/Serial_Dbg_Intf.shift_count_reg[1]/D
                            (rising edge-triggered cell FDRE clocked by parser_i/mdm_1/U0/Use_E2.BSCAN_I/Use_E2.BSCANE2_I/DRCK  {rise@0.000ns fall@16.667ns period=33.333ns})
  Path Group:             parser_i/mdm_1/U0/Use_E2.BSCAN_I/Use_E2.BSCANE2_I/DRCK
  Path Type:              Setup (Max at Slow Process Corner)
  Requirement:            16.667ns  (parser_i/mdm_1/U0/Use_E2.BSCAN_I/Use_E2.BSCANE2_I/DRCK rise@33.333ns - parser_i/mdm_1/U0/Use_E2.BSCAN_I/Use_E2.BSCANE2_I/DRCK fall@16.667ns)
  Data Path Delay:        2.833ns  (logic 0.707ns (24.956%)  route 2.126ns (75.044%))
  Logic Levels:           2  (LUT3=1 LUT6=1)
  Clock Path Skew:        -0.043ns (DCD - SCD + CPR)
    Destination Clock Delay (DCD):    3.931ns = ( 37.264 - 33.333 ) 
    Source Clock Delay      (SCD):    4.408ns = ( 21.074 - 16.667 ) 
    Clock Pessimism Removal (CPR):    0.433ns
  Clock Uncertainty:      0.035ns  ((TSJ^2 + TIJ^2)^1/2 + DJ) / 2 + PE
    Total System Jitter     (TSJ):    0.071ns
    Total Input Jitter      (TIJ):    0.000ns
    Discrete Jitter          (DJ):    0.000ns
    Phase Error              (PE):    0.000ns

    Location             Delay type                Incr(ns)  Path(ns)    Netlist Resource(s)
  -------------------------------------------------------------------    -------------------
                         (clock parser_i/mdm_1/U0/Use_E2.BSCAN_I/Use_E2.BSCANE2_I/DRCK fall edge)
                                                     16.667    16.667 f  
    BSCAN_X0Y1           BSCANE2                      0.000    16.667 f  parser_i/mdm_1/U0/Use_E2.BSCAN_I/Use_E2.BSCANE2_I/DRCK
                         net (fo=1, routed)           2.366    19.033    parser_i/mdm_1/U0/No_Dbg_Reg_Access.BUFG_DRCK/DRCK
    BUFGCTRL_X0Y1        BUFGCTRL (Prop_bufgctrl_I0_O)
                                                      0.096    19.129 f  parser_i/mdm_1/U0/No_Dbg_Reg_Access.BUFG_DRCK/Using_FPGA.Native/O
                         net (fo=233, routed)         1.945    21.074    parser_i/mdm_1/U0/MDM_Core_I1/JTAG_CONTROL_I/Use_BSCAN.SYNC_FDRE/Using_FPGA.Native_0
    SLICE_X19Y93         FDRE                                         r  parser_i/mdm_1/U0/MDM_Core_I1/JTAG_CONTROL_I/Use_BSCAN.SYNC_FDRE/Using_FPGA.Native/C  (IS_INVERTED)
  -------------------------------------------------------------------    -------------------
    SLICE_X19Y93         FDRE (Prop_fdre_C_Q)         0.459    21.533 r  parser_i/mdm_1/U0/MDM_Core_I1/JTAG_CONTROL_I/Use_BSCAN.SYNC_FDRE/Using_FPGA.Native/Q
                         net (fo=4, routed)           1.047    22.580    parser_i/mdm_1/U0/MDM_Core_I1/JTAG_CONTROL_I/Use_BSCAN.SYNC_FDRE/sync
    SLICE_X16Y93         LUT6 (Prop_lut6_I0_O)        0.124    22.704 r  parser_i/mdm_1/U0/MDM_Core_I1/JTAG_CONTROL_I/Use_BSCAN.SYNC_FDRE/Dbg_Shift_0_INST_0/O
                         net (fo=8, routed)           1.079    23.783    parser_i/microblaze_0/U0/MicroBlaze_Core_I/Performance.Core/Use_Debug_Logic.Master_Core.Debug_Perf/Dbg_Shift
    SLICE_X23Y92         LUT3 (Prop_lut3_I2_O)        0.124    23.907 r  parser_i/microblaze_0/U0/MicroBlaze_Core_I/Performance.Core/Use_Debug_Logic.Master_Core.Debug_Perf/Serial_Dbg_Intf.shift_count[1]_i_1/O
                         net (fo=1, routed)           0.000    23.907    parser_i/microblaze_0/U0/MicroBlaze_Core_I/Performance.Core/Use_Debug_Logic.Master_Core.Debug_Perf/p_0_in[1]
    SLICE_X23Y92         FDRE                                         r  parser_i/microblaze_0/U0/MicroBlaze_Core_I/Performance.Core/Use_Debug_Logic.Master_Core.Debug_Perf/Serial_Dbg_Intf.shift_count_reg[1]/D
  -------------------------------------------------------------------    -------------------

                         (clock parser_i/mdm_1/U0/Use_E2.BSCAN_I/Use_E2.BSCANE2_I/DRCK rise edge)
                                                     33.333    33.333 r  
    BSCAN_X0Y1           BSCANE2                      0.000    33.333 r  parser_i/mdm_1/U0/Use_E2.BSCAN_I/Use_E2.BSCANE2_I/DRCK
                         net (fo=1, routed)           2.026    35.359    parser_i/mdm_1/U0/No_Dbg_Reg_Access.BUFG_DRCK/DRCK
    BUFGCTRL_X0Y1        BUFGCTRL (Prop_bufgctrl_I0_O)
                                                      0.091    35.450 r  parser_i/mdm_1/U0/No_Dbg_Reg_Access.BUFG_DRCK/Using_FPGA.Native/O
                         net (fo=233, routed)         1.814    37.264    parser_i/microblaze_0/U0/MicroBlaze_Core_I/Performance.Core/Use_Debug_Logic.Master_Core.Debug_Perf/Dbg_Clk
    SLICE_X23Y92         FDRE                                         r  parser_i/microblaze_0/U0/MicroBlaze_Core_I/Performance.Core/Use_Debug_Logic.Master_Core.Debug_Perf/Serial_Dbg_Intf.shift_count_reg[1]/C
                         clock pessimism              0.433    37.698    
                         clock uncertainty           -0.035    37.662    
    SLICE_X23Y92         FDRE (Setup_fdre_C_D)        0.029    37.691    parser_i/microblaze_0/U0/MicroBlaze_Core_I/Performance.Core/Use_Debug_Logic.Master_Core.Debug_Perf/Serial_Dbg_Intf.shift_count_reg[1]
  -------------------------------------------------------------------
                         required time                         37.691    
                         arrival time                         -23.907    
  -------------------------------------------------------------------
                         slack                                 13.784    

Slack (MET) :             13.963ns  (required time - arrival time)
  Source:                 parser_i/mdm_1/U0/MDM_Core_I1/JTAG_CONTROL_I/Use_BSCAN.SYNC_FDRE/Using_FPGA.Native/C
                            (falling edge-triggered cell FDRE clocked by parser_i/mdm_1/U0/Use_E2.BSCAN_I/Use_E2.BSCANE2_I/DRCK  {rise@0.000ns fall@16.667ns period=33.333ns})
  Destination:            parser_i/microblaze_0/U0/MicroBlaze_Core_I/Performance.Core/Use_Debug_Logic.Master_Core.Debug_Perf/Serial_Dbg_Intf.shift_count_reg[0]/D
                            (rising edge-triggered cell FDRE clocked by parser_i/mdm_1/U0/Use_E2.BSCAN_I/Use_E2.BSCANE2_I/DRCK  {rise@0.000ns fall@16.667ns period=33.333ns})
  Path Group:             parser_i/mdm_1/U0/Use_E2.BSCAN_I/Use_E2.BSCANE2_I/DRCK
  Path Type:              Setup (Max at Slow Process Corner)
  Requirement:            16.667ns  (parser_i/mdm_1/U0/Use_E2.BSCAN_I/Use_E2.BSCANE2_I/DRCK rise@33.333ns - parser_i/mdm_1/U0/Use_E2.BSCAN_I/Use_E2.BSCANE2_I/DRCK fall@16.667ns)
  Data Path Delay:        2.723ns  (logic 0.707ns (25.962%)  route 2.016ns (74.038%))
  Logic Levels:           2  (LUT2=1 LUT6=1)
  Clock Path Skew:        -0.026ns (DCD - SCD + CPR)
    Destination Clock Delay (DCD):    3.934ns = ( 37.267 - 33.333 ) 
    Source Clock Delay      (SCD):    4.408ns = ( 21.074 - 16.667 ) 
    Clock Pessimism Removal (CPR):    0.447ns
  Clock Uncertainty:      0.035ns  ((TSJ^2 + TIJ^2)^1/2 + DJ) / 2 + PE
    Total System Jitter     (TSJ):    0.071ns
    Total Input Jitter      (TIJ):    0.000ns
    Discrete Jitter          (DJ):    0.000ns
    Phase Error              (PE):    0.000ns

    Location             Delay type                Incr(ns)  Path(ns)    Netlist Resource(s)
  -------------------------------------------------------------------    -------------------
                         (clock parser_i/mdm_1/U0/Use_E2.BSCAN_I/Use_E2.BSCANE2_I/DRCK fall edge)
                                                     16.667    16.667 f  
    BSCAN_X0Y1           BSCANE2                      0.000    16.667 f  parser_i/mdm_1/U0/Use_E2.BSCAN_I/Use_E2.BSCANE2_I/DRCK
                         net (fo=1, routed)           2.366    19.033    parser_i/mdm_1/U0/No_Dbg_Reg_Access.BUFG_DRCK/DRCK
    BUFGCTRL_X0Y1        BUFGCTRL (Prop_bufgctrl_I0_O)
                                                      0.096    19.129 f  parser_i/mdm_1/U0/No_Dbg_Reg_Access.BUFG_DRCK/Using_FPGA.Native/O
                         net (fo=233, routed)         1.945    21.074    parser_i/mdm_1/U0/MDM_Core_I1/JTAG_CONTROL_I/Use_BSCAN.SYNC_FDRE/Using_FPGA.Native_0
    SLICE_X19Y93         FDRE                                         r  parser_i/mdm_1/U0/MDM_Core_I1/JTAG_CONTROL_I/Use_BSCAN.SYNC_FDRE/Using_FPGA.Native/C  (IS_INVERTED)
  -------------------------------------------------------------------    -------------------
    SLICE_X19Y93         FDRE (Prop_fdre_C_Q)         0.459    21.533 r  parser_i/mdm_1/U0/MDM_Core_I1/JTAG_CONTROL_I/Use_BSCAN.SYNC_FDRE/Using_FPGA.Native/Q
                         net (fo=4, routed)           1.047    22.580    parser_i/mdm_1/U0/MDM_Core_I1/JTAG_CONTROL_I/Use_BSCAN.SYNC_FDRE/sync
    SLICE_X16Y93         LUT6 (Prop_lut6_I0_O)        0.124    22.704 r  parser_i/mdm_1/U0/MDM_Core_I1/JTAG_CONTROL_I/Use_BSCAN.SYNC_FDRE/Dbg_Shift_0_INST_0/O
                         net (fo=8, routed)           0.969    23.673    parser_i/microblaze_0/U0/MicroBlaze_Core_I/Performance.Core/Use_Debug_Logic.Master_Core.Debug_Perf/Dbg_Shift
    SLICE_X18Y91         LUT2 (Prop_lut2_I0_O)        0.124    23.797 r  parser_i/microblaze_0/U0/MicroBlaze_Core_I/Performance.Core/Use_Debug_Logic.Master_Core.Debug_Perf/Serial_Dbg_Intf.shift_count[0]_i_1/O
                         net (fo=1, routed)           0.000    23.797    parser_i/microblaze_0/U0/MicroBlaze_Core_I/Performance.Core/Use_Debug_Logic.Master_Core.Debug_Perf/p_0_in[0]
    SLICE_X18Y91         FDRE                                         r  parser_i/microblaze_0/U0/MicroBlaze_Core_I/Performance.Core/Use_Debug_Logic.Master_Core.Debug_Perf/Serial_Dbg_Intf.shift_count_reg[0]/D
  -------------------------------------------------------------------    -------------------

                         (clock parser_i/mdm_1/U0/Use_E2.BSCAN_I/Use_E2.BSCANE2_I/DRCK rise edge)
                                                     33.333    33.333 r  
    BSCAN_X0Y1           BSCANE2                      0.000    33.333 r  parser_i/mdm_1/U0/Use_E2.BSCAN_I/Use_E2.BSCANE2_I/DRCK
                         net (fo=1, routed)           2.026    35.359    parser_i/mdm_1/U0/No_Dbg_Reg_Access.BUFG_DRCK/DRCK
    BUFGCTRL_X0Y1        BUFGCTRL (Prop_bufgctrl_I0_O)
                                                      0.091    35.450 r  parser_i/mdm_1/U0/No_Dbg_Reg_Access.BUFG_DRCK/Using_FPGA.Native/O
                         net (fo=233, routed)         1.817    37.267    parser_i/microblaze_0/U0/MicroBlaze_Core_I/Performance.Core/Use_Debug_Logic.Master_Core.Debug_Perf/Dbg_Clk
    SLICE_X18Y91         FDRE                                         r  parser_i/microblaze_0/U0/MicroBlaze_Core_I/Performance.Core/Use_Debug_Logic.Master_Core.Debug_Perf/Serial_Dbg_Intf.shift_count_reg[0]/C
                         clock pessimism              0.447    37.715    
                         clock uncertainty           -0.035    37.679    
    SLICE_X18Y91         FDRE (Setup_fdre_C_D)        0.081    37.760    parser_i/microblaze_0/U0/MicroBlaze_Core_I/Performance.Core/Use_Debug_Logic.Master_Core.Debug_Perf/Serial_Dbg_Intf.shift_count_reg[0]
  -------------------------------------------------------------------
                         required time                         37.760    
                         arrival time                         -23.797    
  -------------------------------------------------------------------
                         slack                                 13.963    

Slack (MET) :             14.157ns  (required time - arrival time)
  Source:                 parser_i/mdm_1/U0/MDM_Core_I1/JTAG_CONTROL_I/Use_BSCAN.SYNC_FDRE/Using_FPGA.Native/C
                            (falling edge-triggered cell FDRE clocked by parser_i/mdm_1/U0/Use_E2.BSCAN_I/Use_E2.BSCANE2_I/DRCK  {rise@0.000ns fall@16.667ns period=33.333ns})
  Destination:            parser_i/mdm_1/U0/MDM_Core_I1/JTAG_CONTROL_I/Use_Serial_Unified_Completion.mb_instr_overrun_reg/D
                            (rising edge-triggered cell FDRE clocked by parser_i/mdm_1/U0/Use_E2.BSCAN_I/Use_E2.BSCANE2_I/DRCK  {rise@0.000ns fall@16.667ns period=33.333ns})
  Path Group:             parser_i/mdm_1/U0/Use_E2.BSCAN_I/Use_E2.BSCANE2_I/DRCK
  Path Type:              Setup (Max at Slow Process Corner)
  Requirement:            16.667ns  (parser_i/mdm_1/U0/Use_E2.BSCAN_I/Use_E2.BSCANE2_I/DRCK rise@33.333ns - parser_i/mdm_1/U0/Use_E2.BSCAN_I/Use_E2.BSCANE2_I/DRCK fall@16.667ns)
  Data Path Delay:        2.514ns  (logic 0.707ns (28.122%)  route 1.807ns (71.878%))
  Logic Levels:           2  (LUT6=2)
  Clock Path Skew:        -0.039ns (DCD - SCD + CPR)
    Destination Clock Delay (DCD):    3.935ns = ( 37.268 - 33.333 ) 
    Source Clock Delay      (SCD):    4.408ns = ( 21.074 - 16.667 ) 
    Clock Pessimism Removal (CPR):    0.433ns
  Clock Uncertainty:      0.035ns  ((TSJ^2 + TIJ^2)^1/2 + DJ) / 2 + PE
    Total System Jitter     (TSJ):    0.071ns
    Total Input Jitter      (TIJ):    0.000ns
    Discrete Jitter          (DJ):    0.000ns
    Phase Error              (PE):    0.000ns

    Location             Delay type                Incr(ns)  Path(ns)    Netlist Resource(s)
  -------------------------------------------------------------------    -------------------
                         (clock parser_i/mdm_1/U0/Use_E2.BSCAN_I/Use_E2.BSCANE2_I/DRCK fall edge)
                                                     16.667    16.667 f  
    BSCAN_X0Y1           BSCANE2                      0.000    16.667 f  parser_i/mdm_1/U0/Use_E2.BSCAN_I/Use_E2.BSCANE2_I/DRCK
                         net (fo=1, routed)           2.366    19.033    parser_i/mdm_1/U0/No_Dbg_Reg_Access.BUFG_DRCK/DRCK
    BUFGCTRL_X0Y1        BUFGCTRL (Prop_bufgctrl_I0_O)
                                                      0.096    19.129 f  parser_i/mdm_1/U0/No_Dbg_Reg_Access.BUFG_DRCK/Using_FPGA.Native/O
                         net (fo=233, routed)         1.945    21.074    parser_i/mdm_1/U0/MDM_Core_I1/JTAG_CONTROL_I/Use_BSCAN.SYNC_FDRE/Using_FPGA.Native_0
    SLICE_X19Y93         FDRE                                         r  parser_i/mdm_1/U0/MDM_Core_I1/JTAG_CONTROL_I/Use_BSCAN.SYNC_FDRE/Using_FPGA.Native/C  (IS_INVERTED)
  -------------------------------------------------------------------    -------------------
    SLICE_X19Y93         FDRE (Prop_fdre_C_Q)         0.459    21.533 r  parser_i/mdm_1/U0/MDM_Core_I1/JTAG_CONTROL_I/Use_BSCAN.SYNC_FDRE/Using_FPGA.Native/Q
                         net (fo=4, routed)           1.028    22.561    parser_i/mdm_1/U0/MDM_Core_I1/JTAG_CONTROL_I/Use_BSCAN.FDC_I/sync
    SLICE_X16Y93         LUT6 (Prop_lut6_I4_O)        0.124    22.685 r  parser_i/mdm_1/U0/MDM_Core_I1/JTAG_CONTROL_I/Use_BSCAN.FDC_I/Use_Serial_Unified_Completion.mb_instr_overrun_i_3/O
                         net (fo=2, routed)           0.779    23.464    parser_i/mdm_1/U0/MDM_Core_I1/JTAG_CONTROL_I/Use_BSCAN.FDC_I/Use_Serial_Unified_Completion.mb_instr_overrun1__0
    SLICE_X14Y93         LUT6 (Prop_lut6_I1_O)        0.124    23.588 r  parser_i/mdm_1/U0/MDM_Core_I1/JTAG_CONTROL_I/Use_BSCAN.FDC_I/Use_Serial_Unified_Completion.mb_instr_overrun_i_1/O
                         net (fo=1, routed)           0.000    23.588    parser_i/mdm_1/U0/MDM_Core_I1/JTAG_CONTROL_I/Use_BSCAN.FDC_I_n_30
    SLICE_X14Y93         FDRE                                         r  parser_i/mdm_1/U0/MDM_Core_I1/JTAG_CONTROL_I/Use_Serial_Unified_Completion.mb_instr_overrun_reg/D
  -------------------------------------------------------------------    -------------------

                         (clock parser_i/mdm_1/U0/Use_E2.BSCAN_I/Use_E2.BSCANE2_I/DRCK rise edge)
                                                     33.333    33.333 r  
    BSCAN_X0Y1           BSCANE2                      0.000    33.333 r  parser_i/mdm_1/U0/Use_E2.BSCAN_I/Use_E2.BSCANE2_I/DRCK
                         net (fo=1, routed)           2.026    35.359    parser_i/mdm_1/U0/No_Dbg_Reg_Access.BUFG_DRCK/DRCK
    BUFGCTRL_X0Y1        BUFGCTRL (Prop_bufgctrl_I0_O)
                                                      0.091    35.450 r  parser_i/mdm_1/U0/No_Dbg_Reg_Access.BUFG_DRCK/Using_FPGA.Native/O
                         net (fo=233, routed)         1.818    37.268    parser_i/mdm_1/U0/MDM_Core_I1/JTAG_CONTROL_I/Use_unisim.MB_SRL16E_I1
    SLICE_X14Y93         FDRE                                         r  parser_i/mdm_1/U0/MDM_Core_I1/JTAG_CONTROL_I/Use_Serial_Unified_Completion.mb_instr_overrun_reg/C
                         clock pessimism              0.433    37.702    
                         clock uncertainty           -0.035    37.666    
    SLICE_X14Y93         FDRE (Setup_fdre_C_D)        0.079    37.745    parser_i/mdm_1/U0/MDM_Core_I1/JTAG_CONTROL_I/Use_Serial_Unified_Completion.mb_instr_overrun_reg
  -------------------------------------------------------------------
                         required time                         37.745    
                         arrival time                         -23.588    
  -------------------------------------------------------------------
                         slack                                 14.157    





Min Delay Paths
--------------------------------------------------------------------------------------
Slack (MET) :             0.109ns  (arrival time - required time)
  Source:                 parser_i/microblaze_0/U0/MicroBlaze_Core_I/Performance.Core/Use_Debug_Logic.Master_Core.Debug_Perf/Serial_Dbg_Intf.sync_dbg_hit/sync_bits[0].sync_bit/Single_Synchronize.use_async_reset.sync_reg/C
                            (rising edge-triggered cell FDRE clocked by parser_i/mdm_1/U0/Use_E2.BSCAN_I/Use_E2.BSCANE2_I/DRCK  {rise@0.000ns fall@16.667ns period=33.333ns})
  Destination:            parser_i/microblaze_0/U0/MicroBlaze_Core_I/Performance.Core/Use_Debug_Logic.Master_Core.Debug_Perf/Serial_Dbg_Intf.status_reg_reg[0]/D
                            (rising edge-triggered cell FDRE clocked by parser_i/mdm_1/U0/Use_E2.BSCAN_I/Use_E2.BSCANE2_I/DRCK  {rise@0.000ns fall@16.667ns period=33.333ns})
  Path Group:             parser_i/mdm_1/U0/Use_E2.BSCAN_I/Use_E2.BSCANE2_I/DRCK
  Path Type:              Hold (Min at Fast Process Corner)
  Requirement:            0.000ns  (parser_i/mdm_1/U0/Use_E2.BSCAN_I/Use_E2.BSCANE2_I/DRCK rise@0.000ns - parser_i/mdm_1/U0/Use_E2.BSCAN_I/Use_E2.BSCANE2_I/DRCK rise@0.000ns)
  Data Path Delay:        0.197ns  (logic 0.141ns (71.536%)  route 0.056ns (28.464%))
  Logic Levels:           0  
  Clock Path Skew:        0.013ns (DCD - SCD - CPR)
    Destination Clock Delay (DCD):    2.101ns
    Source Clock Delay      (SCD):    1.672ns
    Clock Pessimism Removal (CPR):    0.415ns

    Location             Delay type                Incr(ns)  Path(ns)    Netlist Resource(s)
  -------------------------------------------------------------------    -------------------
                         (clock parser_i/mdm_1/U0/Use_E2.BSCAN_I/Use_E2.BSCANE2_I/DRCK rise edge)
                                                      0.000     0.000 r  
    BSCAN_X0Y1           BSCANE2                      0.000     0.000 r  parser_i/mdm_1/U0/Use_E2.BSCAN_I/Use_E2.BSCANE2_I/DRCK
                         net (fo=1, routed)           0.957     0.957    parser_i/mdm_1/U0/No_Dbg_Reg_Access.BUFG_DRCK/DRCK
    BUFGCTRL_X0Y1        BUFGCTRL (Prop_bufgctrl_I0_O)
                                                      0.026     0.983 r  parser_i/mdm_1/U0/No_Dbg_Reg_Access.BUFG_DRCK/Using_FPGA.Native/O
                         net (fo=233, routed)         0.689     1.672    parser_i/microblaze_0/U0/MicroBlaze_Core_I/Performance.Core/Use_Debug_Logic.Master_Core.Debug_Perf/Serial_Dbg_Intf.sync_dbg_hit/sync_bits[0].sync_bit/Dbg_Clk
    SLICE_X23Y92         FDRE                                         r  parser_i/microblaze_0/U0/MicroBlaze_Core_I/Performance.Core/Use_Debug_Logic.Master_Core.Debug_Perf/Serial_Dbg_Intf.sync_dbg_hit/sync_bits[0].sync_bit/Single_Synchronize.use_async_reset.sync_reg/C
  -------------------------------------------------------------------    -------------------
    SLICE_X23Y92         FDRE (Prop_fdre_C_Q)         0.141     1.813 r  parser_i/microblaze_0/U0/MicroBlaze_Core_I/Performance.Core/Use_Debug_Logic.Master_Core.Debug_Perf/Serial_Dbg_Intf.sync_dbg_hit/sync_bits[0].sync_bit/Single_Synchronize.use_async_reset.sync_reg/Q
                         net (fo=1, routed)           0.056     1.869    parser_i/microblaze_0/U0/MicroBlaze_Core_I/Performance.Core/Use_Debug_Logic.Master_Core.Debug_Perf/sync
    SLICE_X22Y92         FDRE                                         r  parser_i/microblaze_0/U0/MicroBlaze_Core_I/Performance.Core/Use_Debug_Logic.Master_Core.Debug_Perf/Serial_Dbg_Intf.status_reg_reg[0]/D
  -------------------------------------------------------------------    -------------------

                         (clock parser_i/mdm_1/U0/Use_E2.BSCAN_I/Use_E2.BSCANE2_I/DRCK rise edge)
                                                      0.000     0.000 r  
    BSCAN_X0Y1           BSCANE2                      0.000     0.000 r  parser_i/mdm_1/U0/Use_E2.BSCAN_I/Use_E2.BSCANE2_I/DRCK
                         net (fo=1, routed)           1.107     1.107    parser_i/mdm_1/U0/No_Dbg_Reg_Access.BUFG_DRCK/DRCK
    BUFGCTRL_X0Y1        BUFGCTRL (Prop_bufgctrl_I0_O)
                                                      0.029     1.136 r  parser_i/mdm_1/U0/No_Dbg_Reg_Access.BUFG_DRCK/Using_FPGA.Native/O
                         net (fo=233, routed)         0.965     2.101    parser_i/microblaze_0/U0/MicroBlaze_Core_I/Performance.Core/Use_Debug_Logic.Master_Core.Debug_Perf/Dbg_Clk
    SLICE_X22Y92         FDRE                                         r  parser_i/microblaze_0/U0/MicroBlaze_Core_I/Performance.Core/Use_Debug_Logic.Master_Core.Debug_Perf/Serial_Dbg_Intf.status_reg_reg[0]/C
                         clock pessimism             -0.415     1.685    
    SLICE_X22Y92         FDRE (Hold_fdre_C_D)         0.075     1.760    parser_i/microblaze_0/U0/MicroBlaze_Core_I/Performance.Core/Use_Debug_Logic.Master_Core.Debug_Perf/Serial_Dbg_Intf.status_reg_reg[0]
  -------------------------------------------------------------------
                         required time                         -1.760    
                         arrival time                           1.869    
  -------------------------------------------------------------------
                         slack                                  0.109    

Slack (MET) :             0.122ns  (arrival time - required time)
  Source:                 parser_i/mdm_1/U0/MDM_Core_I1/Use_BSCAN.Config_Reg_reg[26]/C
                            (rising edge-triggered cell FDCE clocked by parser_i/mdm_1/U0/Use_E2.BSCAN_I/Use_E2.BSCANE2_I/DRCK  {rise@0.000ns fall@16.667ns period=33.333ns})
  Destination:            parser_i/mdm_1/U0/MDM_Core_I1/Use_BSCAN.Config_Reg_reg[25]/D
                            (rising edge-triggered cell FDPE clocked by parser_i/mdm_1/U0/Use_E2.BSCAN_I/Use_E2.BSCANE2_I/DRCK  {rise@0.000ns fall@16.667ns period=33.333ns})
  Path Group:             parser_i/mdm_1/U0/Use_E2.BSCAN_I/Use_E2.BSCANE2_I/DRCK
  Path Type:              Hold (Min at Fast Process Corner)
  Requirement:            0.000ns  (parser_i/mdm_1/U0/Use_E2.BSCAN_I/Use_E2.BSCANE2_I/DRCK rise@0.000ns - parser_i/mdm_1/U0/Use_E2.BSCAN_I/Use_E2.BSCANE2_I/DRCK rise@0.000ns)
  Data Path Delay:        0.197ns  (logic 0.141ns (71.611%)  route 0.056ns (28.389%))
  Logic Levels:           0  
  Clock Path Skew:        0.000ns (DCD - SCD - CPR)
    Destination Clock Delay (DCD):    2.106ns
    Source Clock Delay      (SCD):    1.677ns
    Clock Pessimism Removal (CPR):    0.428ns

    Location             Delay type                Incr(ns)  Path(ns)    Netlist Resource(s)
  -------------------------------------------------------------------    -------------------
                         (clock parser_i/mdm_1/U0/Use_E2.BSCAN_I/Use_E2.BSCANE2_I/DRCK rise edge)
                                                      0.000     0.000 r  
    BSCAN_X0Y1           BSCANE2                      0.000     0.000 r  parser_i/mdm_1/U0/Use_E2.BSCAN_I/Use_E2.BSCANE2_I/DRCK
                         net (fo=1, routed)           0.957     0.957    parser_i/mdm_1/U0/No_Dbg_Reg_Access.BUFG_DRCK/DRCK
    BUFGCTRL_X0Y1        BUFGCTRL (Prop_bufgctrl_I0_O)
                                                      0.026     0.983 r  parser_i/mdm_1/U0/No_Dbg_Reg_Access.BUFG_DRCK/Using_FPGA.Native/O
                         net (fo=233, routed)         0.694     1.677    parser_i/mdm_1/U0/MDM_Core_I1/Use_unisim.MB_SRL16E_I1
    SLICE_X17Y97         FDCE                                         r  parser_i/mdm_1/U0/MDM_Core_I1/Use_BSCAN.Config_Reg_reg[26]/C
  -------------------------------------------------------------------    -------------------
    SLICE_X17Y97         FDCE (Prop_fdce_C_Q)         0.141     1.818 r  parser_i/mdm_1/U0/MDM_Core_I1/Use_BSCAN.Config_Reg_reg[26]/Q
                         net (fo=1, routed)           0.056     1.874    parser_i/mdm_1/U0/MDM_Core_I1/Use_BSCAN.Config_Reg_reg_n_0_[26]
    SLICE_X17Y97         FDPE                                         r  parser_i/mdm_1/U0/MDM_Core_I1/Use_BSCAN.Config_Reg_reg[25]/D
  -------------------------------------------------------------------    -------------------

                         (clock parser_i/mdm_1/U0/Use_E2.BSCAN_I/Use_E2.BSCANE2_I/DRCK rise edge)
                                                      0.000     0.000 r  
    BSCAN_X0Y1           BSCANE2                      0.000     0.000 r  parser_i/mdm_1/U0/Use_E2.BSCAN_I/Use_E2.BSCANE2_I/DRCK
                         net (fo=1, routed)           1.107     1.107    parser_i/mdm_1/U0/No_Dbg_Reg_Access.BUFG_DRCK/DRCK
    BUFGCTRL_X0Y1        BUFGCTRL (Prop_bufgctrl_I0_O)
                                                      0.029     1.136 r  parser_i/mdm_1/U0/No_Dbg_Reg_Access.BUFG_DRCK/Using_FPGA.Native/O
                         net (fo=233, routed)         0.970     2.106    parser_i/mdm_1/U0/MDM_Core_I1/Use_unisim.MB_SRL16E_I1
    SLICE_X17Y97         FDPE                                         r  parser_i/mdm_1/U0/MDM_Core_I1/Use_BSCAN.Config_Reg_reg[25]/C
                         clock pessimism             -0.428     1.677    
    SLICE_X17Y97         FDPE (Hold_fdpe_C_D)         0.075     1.752    parser_i/mdm_1/U0/MDM_Core_I1/Use_BSCAN.Config_Reg_reg[25]
  -------------------------------------------------------------------
                         required time                         -1.752    
                         arrival time                           1.874    
  -------------------------------------------------------------------
                         slack                                  0.122    

Slack (MET) :             0.132ns  (arrival time - required time)
  Source:                 parser_i/mdm_1/U0/MDM_Core_I1/JTAG_CONTROL_I/Use_Serial_Unified_Completion.Data_Read_Status.count_reg[1]/C
                            (rising edge-triggered cell FDRE clocked by parser_i/mdm_1/U0/Use_E2.BSCAN_I/Use_E2.BSCANE2_I/DRCK  {rise@0.000ns fall@16.667ns period=33.333ns})
  Destination:            parser_i/mdm_1/U0/MDM_Core_I1/JTAG_CONTROL_I/Use_Serial_Unified_Completion.Data_Read_Status.count_reg[0]/D
                            (rising edge-triggered cell FDRE clocked by parser_i/mdm_1/U0/Use_E2.BSCAN_I/Use_E2.BSCANE2_I/DRCK  {rise@0.000ns fall@16.667ns period=33.333ns})
  Path Group:             parser_i/mdm_1/U0/Use_E2.BSCAN_I/Use_E2.BSCANE2_I/DRCK
  Path Type:              Hold (Min at Fast Process Corner)
  Requirement:            0.000ns  (parser_i/mdm_1/U0/Use_E2.BSCAN_I/Use_E2.BSCANE2_I/DRCK rise@0.000ns - parser_i/mdm_1/U0/Use_E2.BSCAN_I/Use_E2.BSCANE2_I/DRCK rise@0.000ns)
  Data Path Delay:        0.265ns  (logic 0.186ns (70.081%)  route 0.079ns (29.919%))
  Logic Levels:           1  (LUT4=1)
  Clock Path Skew:        0.013ns (DCD - SCD - CPR)
    Destination Clock Delay (DCD):    2.105ns
    Source Clock Delay      (SCD):    1.676ns
    Clock Pessimism Removal (CPR):    0.415ns

    Location             Delay type                Incr(ns)  Path(ns)    Netlist Resource(s)
  -------------------------------------------------------------------    -------------------
                         (clock parser_i/mdm_1/U0/Use_E2.BSCAN_I/Use_E2.BSCANE2_I/DRCK rise edge)
                                                      0.000     0.000 r  
    BSCAN_X0Y1           BSCANE2                      0.000     0.000 r  parser_i/mdm_1/U0/Use_E2.BSCAN_I/Use_E2.BSCANE2_I/DRCK
                         net (fo=1, routed)           0.957     0.957    parser_i/mdm_1/U0/No_Dbg_Reg_Access.BUFG_DRCK/DRCK
    BUFGCTRL_X0Y1        BUFGCTRL (Prop_bufgctrl_I0_O)
                                                      0.026     0.983 r  parser_i/mdm_1/U0/No_Dbg_Reg_Access.BUFG_DRCK/Using_FPGA.Native/O
                         net (fo=233, routed)         0.693     1.676    parser_i/mdm_1/U0/MDM_Core_I1/JTAG_CONTROL_I/Use_unisim.MB_SRL16E_I1
    SLICE_X13Y95         FDRE                                         r  parser_i/mdm_1/U0/MDM_Core_I1/JTAG_CONTROL_I/Use_Serial_Unified_Completion.Data_Read_Status.count_reg[1]/C
  -------------------------------------------------------------------    -------------------
    SLICE_X13Y95         FDRE (Prop_fdre_C_Q)         0.141     1.817 r  parser_i/mdm_1/U0/MDM_Core_I1/JTAG_CONTROL_I/Use_Serial_Unified_Completion.Data_Read_Status.count_reg[1]/Q
                         net (fo=3, routed)           0.079     1.897    parser_i/mdm_1/U0/MDM_Core_I1/JTAG_CONTROL_I/Use_Serial_Unified_Completion.Data_Read_Status.count_reg[1]
    SLICE_X12Y95         LUT4 (Prop_lut4_I0_O)        0.045     1.942 r  parser_i/mdm_1/U0/MDM_Core_I1/JTAG_CONTROL_I/Use_Serial_Unified_Completion.Data_Read_Status.count[0]_i_2/O
                         net (fo=1, routed)           0.000     1.942    parser_i/mdm_1/U0/MDM_Core_I1/JTAG_CONTROL_I/p_0_in[5]
    SLICE_X12Y95         FDRE                                         r  parser_i/mdm_1/U0/MDM_Core_I1/JTAG_CONTROL_I/Use_Serial_Unified_Completion.Data_Read_Status.count_reg[0]/D
  -------------------------------------------------------------------    -------------------

                         (clock parser_i/mdm_1/U0/Use_E2.BSCAN_I/Use_E2.BSCANE2_I/DRCK rise edge)
                                                      0.000     0.000 r  
    BSCAN_X0Y1           BSCANE2                      0.000     0.000 r  parser_i/mdm_1/U0/Use_E2.BSCAN_I/Use_E2.BSCANE2_I/DRCK
                         net (fo=1, routed)           1.107     1.107    parser_i/mdm_1/U0/No_Dbg_Reg_Access.BUFG_DRCK/DRCK
    BUFGCTRL_X0Y1        BUFGCTRL (Prop_bufgctrl_I0_O)
                                                      0.029     1.136 r  parser_i/mdm_1/U0/No_Dbg_Reg_Access.BUFG_DRCK/Using_FPGA.Native/O
                         net (fo=233, routed)         0.969     2.105    parser_i/mdm_1/U0/MDM_Core_I1/JTAG_CONTROL_I/Use_unisim.MB_SRL16E_I1
    SLICE_X12Y95         FDRE                                         r  parser_i/mdm_1/U0/MDM_Core_I1/JTAG_CONTROL_I/Use_Serial_Unified_Completion.Data_Read_Status.count_reg[0]/C
                         clock pessimism             -0.415     1.689    
    SLICE_X12Y95         FDRE (Hold_fdre_C_D)         0.120     1.809    parser_i/mdm_1/U0/MDM_Core_I1/JTAG_CONTROL_I/Use_Serial_Unified_Completion.Data_Read_Status.count_reg[0]
  -------------------------------------------------------------------
                         required time                         -1.809    
                         arrival time                           1.942    
  -------------------------------------------------------------------
                         slack                                  0.132    

Slack (MET) :             0.139ns  (arrival time - required time)
  Source:                 parser_i/mdm_1/U0/MDM_Core_I1/JTAG_CONTROL_I/Use_Serial_Unified_Completion.completion_status_reg[3]/C
                            (rising edge-triggered cell FDRE clocked by parser_i/mdm_1/U0/Use_E2.BSCAN_I/Use_E2.BSCANE2_I/DRCK  {rise@0.000ns fall@16.667ns period=33.333ns})
  Destination:            parser_i/mdm_1/U0/MDM_Core_I1/JTAG_CONTROL_I/Use_Serial_Unified_Completion.completion_status_reg[2]/D
                            (rising edge-triggered cell FDRE clocked by parser_i/mdm_1/U0/Use_E2.BSCAN_I/Use_E2.BSCANE2_I/DRCK  {rise@0.000ns fall@16.667ns period=33.333ns})
  Path Group:             parser_i/mdm_1/U0/Use_E2.BSCAN_I/Use_E2.BSCANE2_I/DRCK
  Path Type:              Hold (Min at Fast Process Corner)
  Requirement:            0.000ns  (parser_i/mdm_1/U0/Use_E2.BSCAN_I/Use_E2.BSCANE2_I/DRCK rise@0.000ns - parser_i/mdm_1/U0/Use_E2.BSCAN_I/Use_E2.BSCANE2_I/DRCK rise@0.000ns)
  Data Path Delay:        0.273ns  (logic 0.186ns (68.028%)  route 0.087ns (31.972%))
  Logic Levels:           1  (LUT6=1)
  Clock Path Skew:        0.013ns (DCD - SCD - CPR)
    Destination Clock Delay (DCD):    2.105ns
    Source Clock Delay      (SCD):    1.676ns
    Clock Pessimism Removal (CPR):    0.415ns

    Location             Delay type                Incr(ns)  Path(ns)    Netlist Resource(s)
  -------------------------------------------------------------------    -------------------
                         (clock parser_i/mdm_1/U0/Use_E2.BSCAN_I/Use_E2.BSCANE2_I/DRCK rise edge)
                                                      0.000     0.000 r  
    BSCAN_X0Y1           BSCANE2                      0.000     0.000 r  parser_i/mdm_1/U0/Use_E2.BSCAN_I/Use_E2.BSCANE2_I/DRCK
                         net (fo=1, routed)           0.957     0.957    parser_i/mdm_1/U0/No_Dbg_Reg_Access.BUFG_DRCK/DRCK
    BUFGCTRL_X0Y1        BUFGCTRL (Prop_bufgctrl_I0_O)
                                                      0.026     0.983 r  parser_i/mdm_1/U0/No_Dbg_Reg_Access.BUFG_DRCK/Using_FPGA.Native/O
                         net (fo=233, routed)         0.693     1.676    parser_i/mdm_1/U0/MDM_Core_I1/JTAG_CONTROL_I/Use_unisim.MB_SRL16E_I1
    SLICE_X15Y96         FDRE                                         r  parser_i/mdm_1/U0/MDM_Core_I1/JTAG_CONTROL_I/Use_Serial_Unified_Completion.completion_status_reg[3]/C
  -------------------------------------------------------------------    -------------------
    SLICE_X15Y96         FDRE (Prop_fdre_C_Q)         0.141     1.817 r  parser_i/mdm_1/U0/MDM_Core_I1/JTAG_CONTROL_I/Use_Serial_Unified_Completion.completion_status_reg[3]/Q
                         net (fo=5, routed)           0.087     1.905    parser_i/mdm_1/U0/MDM_Core_I1/JTAG_CONTROL_I/Use_BSCAN.FDC_I/completion_status[3]
    SLICE_X14Y96         LUT6 (Prop_lut6_I5_O)        0.045     1.950 r  parser_i/mdm_1/U0/MDM_Core_I1/JTAG_CONTROL_I/Use_BSCAN.FDC_I/Use_Serial_Unified_Completion.completion_status[2]_i_1/O
                         net (fo=1, routed)           0.000     1.950    parser_i/mdm_1/U0/MDM_Core_I1/JTAG_CONTROL_I/p_1_in[2]
    SLICE_X14Y96         FDRE                                         r  parser_i/mdm_1/U0/MDM_Core_I1/JTAG_CONTROL_I/Use_Serial_Unified_Completion.completion_status_reg[2]/D
  -------------------------------------------------------------------    -------------------

                         (clock parser_i/mdm_1/U0/Use_E2.BSCAN_I/Use_E2.BSCANE2_I/DRCK rise edge)
                                                      0.000     0.000 r  
    BSCAN_X0Y1           BSCANE2                      0.000     0.000 r  parser_i/mdm_1/U0/Use_E2.BSCAN_I/Use_E2.BSCANE2_I/DRCK
                         net (fo=1, routed)           1.107     1.107    parser_i/mdm_1/U0/No_Dbg_Reg_Access.BUFG_DRCK/DRCK
    BUFGCTRL_X0Y1        BUFGCTRL (Prop_bufgctrl_I0_O)
                                                      0.029     1.136 r  parser_i/mdm_1/U0/No_Dbg_Reg_Access.BUFG_DRCK/Using_FPGA.Native/O
                         net (fo=233, routed)         0.969     2.105    parser_i/mdm_1/U0/MDM_Core_I1/JTAG_CONTROL_I/Use_unisim.MB_SRL16E_I1
    SLICE_X14Y96         FDRE                                         r  parser_i/mdm_1/U0/MDM_Core_I1/JTAG_CONTROL_I/Use_Serial_Unified_Completion.completion_status_reg[2]/C
                         clock pessimism             -0.415     1.689    
    SLICE_X14Y96         FDRE (Hold_fdre_C_D)         0.121     1.810    parser_i/mdm_1/U0/MDM_Core_I1/JTAG_CONTROL_I/Use_Serial_Unified_Completion.completion_status_reg[2]
  -------------------------------------------------------------------
                         required time                         -1.810    
                         arrival time                           1.950    
  -------------------------------------------------------------------
                         slack                                  0.139    

Slack (MET) :             0.169ns  (arrival time - required time)
  Source:                 parser_i/mdm_1/U0/MDM_Core_I1/Use_BSCAN.Config_Reg_reg[25]/C
                            (rising edge-triggered cell FDPE clocked by parser_i/mdm_1/U0/Use_E2.BSCAN_I/Use_E2.BSCANE2_I/DRCK  {rise@0.000ns fall@16.667ns period=33.333ns})
  Destination:            parser_i/mdm_1/U0/MDM_Core_I1/Use_BSCAN.Config_Reg_reg[12]_srl13_MDM_Core_I1_Use_BSCAN.Config_Reg_reg_c_11/D
                            (rising edge-triggered cell SRL16E clocked by parser_i/mdm_1/U0/Use_E2.BSCAN_I/Use_E2.BSCANE2_I/DRCK  {rise@0.000ns fall@16.667ns period=33.333ns})
  Path Group:             parser_i/mdm_1/U0/Use_E2.BSCAN_I/Use_E2.BSCANE2_I/DRCK
  Path Type:              Hold (Min at Fast Process Corner)
  Requirement:            0.000ns  (parser_i/mdm_1/U0/Use_E2.BSCAN_I/Use_E2.BSCANE2_I/DRCK rise@0.000ns - parser_i/mdm_1/U0/Use_E2.BSCAN_I/Use_E2.BSCANE2_I/DRCK rise@0.000ns)
  Data Path Delay:        0.245ns  (logic 0.128ns (52.327%)  route 0.117ns (47.673%))
  Logic Levels:           0  
  Clock Path Skew:        0.013ns (DCD - SCD - CPR)
    Destination Clock Delay (DCD):    2.106ns
    Source Clock Delay      (SCD):    1.677ns
    Clock Pessimism Removal (CPR):    0.415ns

    Location             Delay type                Incr(ns)  Path(ns)    Netlist Resource(s)
  -------------------------------------------------------------------    -------------------
                         (clock parser_i/mdm_1/U0/Use_E2.BSCAN_I/Use_E2.BSCANE2_I/DRCK rise edge)
                                                      0.000     0.000 r  
    BSCAN_X0Y1           BSCANE2                      0.000     0.000 r  parser_i/mdm_1/U0/Use_E2.BSCAN_I/Use_E2.BSCANE2_I/DRCK
                         net (fo=1, routed)           0.957     0.957    parser_i/mdm_1/U0/No_Dbg_Reg_Access.BUFG_DRCK/DRCK
    BUFGCTRL_X0Y1        BUFGCTRL (Prop_bufgctrl_I0_O)
                                                      0.026     0.983 r  parser_i/mdm_1/U0/No_Dbg_Reg_Access.BUFG_DRCK/Using_FPGA.Native/O
                         net (fo=233, routed)         0.694     1.677    parser_i/mdm_1/U0/MDM_Core_I1/Use_unisim.MB_SRL16E_I1
    SLICE_X17Y97         FDPE                                         r  parser_i/mdm_1/U0/MDM_Core_I1/Use_BSCAN.Config_Reg_reg[25]/C
  -------------------------------------------------------------------    -------------------
    SLICE_X17Y97         FDPE (Prop_fdpe_C_Q)         0.128     1.805 r  parser_i/mdm_1/U0/MDM_Core_I1/Use_BSCAN.Config_Reg_reg[25]/Q
                         net (fo=1, routed)           0.117     1.922    parser_i/mdm_1/U0/MDM_Core_I1/Use_BSCAN.Config_Reg_reg_n_0_[25]
    SLICE_X16Y97         SRL16E                                       r  parser_i/mdm_1/U0/MDM_Core_I1/Use_BSCAN.Config_Reg_reg[12]_srl13_MDM_Core_I1_Use_BSCAN.Config_Reg_reg_c_11/D
  -------------------------------------------------------------------    -------------------

                         (clock parser_i/mdm_1/U0/Use_E2.BSCAN_I/Use_E2.BSCANE2_I/DRCK rise edge)
                                                      0.000     0.000 r  
    BSCAN_X0Y1           BSCANE2                      0.000     0.000 r  parser_i/mdm_1/U0/Use_E2.BSCAN_I/Use_E2.BSCANE2_I/DRCK
                         net (fo=1, routed)           1.107     1.107    parser_i/mdm_1/U0/No_Dbg_Reg_Access.BUFG_DRCK/DRCK
    BUFGCTRL_X0Y1        BUFGCTRL (Prop_bufgctrl_I0_O)
                                                      0.029     1.136 r  parser_i/mdm_1/U0/No_Dbg_Reg_Access.BUFG_DRCK/Using_FPGA.Native/O
                         net (fo=233, routed)         0.970     2.106    parser_i/mdm_1/U0/MDM_Core_I1/Use_unisim.MB_SRL16E_I1
    SLICE_X16Y97         SRL16E                                       r  parser_i/mdm_1/U0/MDM_Core_I1/Use_BSCAN.Config_Reg_reg[12]_srl13_MDM_Core_I1_Use_BSCAN.Config_Reg_reg_c_11/CLK
                         clock pessimism             -0.415     1.690    
    SLICE_X16Y97         SRL16E (Hold_srl16e_CLK_D)
                                                      0.063     1.753    parser_i/mdm_1/U0/MDM_Core_I1/Use_BSCAN.Config_Reg_reg[12]_srl13_MDM_Core_I1_Use_BSCAN.Config_Reg_reg_c_11
  -------------------------------------------------------------------
                         required time                         -1.753    
                         arrival time                           1.922    
  -------------------------------------------------------------------
                         slack                                  0.169    

Slack (MET) :             0.170ns  (arrival time - required time)
  Source:                 parser_i/mdm_1/U0/MDM_Core_I1/JTAG_CONTROL_I/Use_Serial_Unified_Completion.completion_status_reg[10]/C
                            (rising edge-triggered cell FDRE clocked by parser_i/mdm_1/U0/Use_E2.BSCAN_I/Use_E2.BSCANE2_I/DRCK  {rise@0.000ns fall@16.667ns period=33.333ns})
  Destination:            parser_i/mdm_1/U0/MDM_Core_I1/JTAG_CONTROL_I/Use_Serial_Unified_Completion.completion_status_reg[9]/D
                            (rising edge-triggered cell FDRE clocked by parser_i/mdm_1/U0/Use_E2.BSCAN_I/Use_E2.BSCANE2_I/DRCK  {rise@0.000ns fall@16.667ns period=33.333ns})
  Path Group:             parser_i/mdm_1/U0/Use_E2.BSCAN_I/Use_E2.BSCANE2_I/DRCK
  Path Type:              Hold (Min at Fast Process Corner)
  Requirement:            0.000ns  (parser_i/mdm_1/U0/Use_E2.BSCAN_I/Use_E2.BSCANE2_I/DRCK rise@0.000ns - parser_i/mdm_1/U0/Use_E2.BSCAN_I/Use_E2.BSCANE2_I/DRCK rise@0.000ns)
  Data Path Delay:        0.307ns  (logic 0.209ns (67.987%)  route 0.098ns (32.013%))
  Logic Levels:           1  (LUT6=1)
  Clock Path Skew:        0.016ns (DCD - SCD - CPR)
    Destination Clock Delay (DCD):    2.105ns
    Source Clock Delay      (SCD):    1.676ns
    Clock Pessimism Removal (CPR):    0.412ns

    Location             Delay type                Incr(ns)  Path(ns)    Netlist Resource(s)
  -------------------------------------------------------------------    -------------------
                         (clock parser_i/mdm_1/U0/Use_E2.BSCAN_I/Use_E2.BSCANE2_I/DRCK rise edge)
                                                      0.000     0.000 r  
    BSCAN_X0Y1           BSCANE2                      0.000     0.000 r  parser_i/mdm_1/U0/Use_E2.BSCAN_I/Use_E2.BSCANE2_I/DRCK
                         net (fo=1, routed)           0.957     0.957    parser_i/mdm_1/U0/No_Dbg_Reg_Access.BUFG_DRCK/DRCK
    BUFGCTRL_X0Y1        BUFGCTRL (Prop_bufgctrl_I0_O)
                                                      0.026     0.983 r  parser_i/mdm_1/U0/No_Dbg_Reg_Access.BUFG_DRCK/Using_FPGA.Native/O
                         net (fo=233, routed)         0.693     1.676    parser_i/mdm_1/U0/MDM_Core_I1/JTAG_CONTROL_I/Use_unisim.MB_SRL16E_I1
    SLICE_X12Y93         FDRE                                         r  parser_i/mdm_1/U0/MDM_Core_I1/JTAG_CONTROL_I/Use_Serial_Unified_Completion.completion_status_reg[10]/C
  -------------------------------------------------------------------    -------------------
    SLICE_X12Y93         FDRE (Prop_fdre_C_Q)         0.164     1.840 r  parser_i/mdm_1/U0/MDM_Core_I1/JTAG_CONTROL_I/Use_Serial_Unified_Completion.completion_status_reg[10]/Q
                         net (fo=1, routed)           0.098     1.939    parser_i/mdm_1/U0/MDM_Core_I1/JTAG_CONTROL_I/Use_BSCAN.FDC_I/completion_status[10]
    SLICE_X14Y94         LUT6 (Prop_lut6_I5_O)        0.045     1.984 r  parser_i/mdm_1/U0/MDM_Core_I1/JTAG_CONTROL_I/Use_BSCAN.FDC_I/Use_Serial_Unified_Completion.completion_status[9]_i_2/O
                         net (fo=1, routed)           0.000     1.984    parser_i/mdm_1/U0/MDM_Core_I1/JTAG_CONTROL_I/p_1_in[9]
    SLICE_X14Y94         FDRE                                         r  parser_i/mdm_1/U0/MDM_Core_I1/JTAG_CONTROL_I/Use_Serial_Unified_Completion.completion_status_reg[9]/D
  -------------------------------------------------------------------    -------------------

                         (clock parser_i/mdm_1/U0/Use_E2.BSCAN_I/Use_E2.BSCANE2_I/DRCK rise edge)
                                                      0.000     0.000 r  
    BSCAN_X0Y1           BSCANE2                      0.000     0.000 r  parser_i/mdm_1/U0/Use_E2.BSCAN_I/Use_E2.BSCANE2_I/DRCK
                         net (fo=1, routed)           1.107     1.107    parser_i/mdm_1/U0/No_Dbg_Reg_Access.BUFG_DRCK/DRCK
    BUFGCTRL_X0Y1        BUFGCTRL (Prop_bufgctrl_I0_O)
                                                      0.029     1.136 r  parser_i/mdm_1/U0/No_Dbg_Reg_Access.BUFG_DRCK/Using_FPGA.Native/O
                         net (fo=233, routed)         0.969     2.105    parser_i/mdm_1/U0/MDM_Core_I1/JTAG_CONTROL_I/Use_unisim.MB_SRL16E_I1
    SLICE_X14Y94         FDRE                                         r  parser_i/mdm_1/U0/MDM_Core_I1/JTAG_CONTROL_I/Use_Serial_Unified_Completion.completion_status_reg[9]/C
                         clock pessimism             -0.412     1.692    
    SLICE_X14Y94         FDRE (Hold_fdre_C_D)         0.121     1.813    parser_i/mdm_1/U0/MDM_Core_I1/JTAG_CONTROL_I/Use_Serial_Unified_Completion.completion_status_reg[9]
  -------------------------------------------------------------------
                         required time                         -1.813    
                         arrival time                           1.984    
  -------------------------------------------------------------------
                         slack                                  0.170    

Slack (MET) :             0.180ns  (arrival time - required time)
  Source:                 parser_i/microblaze_0/U0/MicroBlaze_Core_I/Performance.Core/Use_Debug_Logic.Master_Core.Debug_Perf/Serial_Dbg_Intf.sync_stop_CPU/Single_Synchronize.use_async_reset.sync_reg/C
                            (rising edge-triggered cell FDRE clocked by parser_i/mdm_1/U0/Use_E2.BSCAN_I/Use_E2.BSCANE2_I/DRCK  {rise@0.000ns fall@16.667ns period=33.333ns})
  Destination:            parser_i/microblaze_0/U0/MicroBlaze_Core_I/Performance.Core/Use_Debug_Logic.Master_Core.Debug_Perf/Serial_Dbg_Intf.status_reg_reg[16]/D
                            (rising edge-triggered cell FDRE clocked by parser_i/mdm_1/U0/Use_E2.BSCAN_I/Use_E2.BSCANE2_I/DRCK  {rise@0.000ns fall@16.667ns period=33.333ns})
  Path Group:             parser_i/mdm_1/U0/Use_E2.BSCAN_I/Use_E2.BSCANE2_I/DRCK
  Path Type:              Hold (Min at Fast Process Corner)
  Requirement:            0.000ns  (parser_i/mdm_1/U0/Use_E2.BSCAN_I/Use_E2.BSCANE2_I/DRCK rise@0.000ns - parser_i/mdm_1/U0/Use_E2.BSCAN_I/Use_E2.BSCANE2_I/DRCK rise@0.000ns)
  Data Path Delay:        0.263ns  (logic 0.141ns (53.607%)  route 0.122ns (46.393%))
  Logic Levels:           0  
  Clock Path Skew:        0.013ns (DCD - SCD - CPR)
    Destination Clock Delay (DCD):    2.099ns
    Source Clock Delay      (SCD):    1.670ns
    Clock Pessimism Removal (CPR):    0.415ns

    Location             Delay type                Incr(ns)  Path(ns)    Netlist Resource(s)
  -------------------------------------------------------------------    -------------------
                         (clock parser_i/mdm_1/U0/Use_E2.BSCAN_I/Use_E2.BSCANE2_I/DRCK rise edge)
                                                      0.000     0.000 r  
    BSCAN_X0Y1           BSCANE2                      0.000     0.000 r  parser_i/mdm_1/U0/Use_E2.BSCAN_I/Use_E2.BSCANE2_I/DRCK
                         net (fo=1, routed)           0.957     0.957    parser_i/mdm_1/U0/No_Dbg_Reg_Access.BUFG_DRCK/DRCK
    BUFGCTRL_X0Y1        BUFGCTRL (Prop_bufgctrl_I0_O)
                                                      0.026     0.983 r  parser_i/mdm_1/U0/No_Dbg_Reg_Access.BUFG_DRCK/Using_FPGA.Native/O
                         net (fo=233, routed)         0.687     1.670    parser_i/microblaze_0/U0/MicroBlaze_Core_I/Performance.Core/Use_Debug_Logic.Master_Core.Debug_Perf/Serial_Dbg_Intf.sync_stop_CPU/Dbg_Clk
    SLICE_X25Y91         FDRE                                         r  parser_i/microblaze_0/U0/MicroBlaze_Core_I/Performance.Core/Use_Debug_Logic.Master_Core.Debug_Perf/Serial_Dbg_Intf.sync_stop_CPU/Single_Synchronize.use_async_reset.sync_reg/C
  -------------------------------------------------------------------    -------------------
    SLICE_X25Y91         FDRE (Prop_fdre_C_Q)         0.141     1.811 r  parser_i/microblaze_0/U0/MicroBlaze_Core_I/Performance.Core/Use_Debug_Logic.Master_Core.Debug_Perf/Serial_Dbg_Intf.sync_stop_CPU/Single_Synchronize.use_async_reset.sync_reg/Q
                         net (fo=1, routed)           0.122     1.933    parser_i/microblaze_0/U0/MicroBlaze_Core_I/Performance.Core/Use_Debug_Logic.Master_Core.Debug_Perf/Serial_Dbg_Intf.sync_stop_CPU_n_0
    SLICE_X24Y91         FDRE                                         r  parser_i/microblaze_0/U0/MicroBlaze_Core_I/Performance.Core/Use_Debug_Logic.Master_Core.Debug_Perf/Serial_Dbg_Intf.status_reg_reg[16]/D
  -------------------------------------------------------------------    -------------------

                         (clock parser_i/mdm_1/U0/Use_E2.BSCAN_I/Use_E2.BSCANE2_I/DRCK rise edge)
                                                      0.000     0.000 r  
    BSCAN_X0Y1           BSCANE2                      0.000     0.000 r  parser_i/mdm_1/U0/Use_E2.BSCAN_I/Use_E2.BSCANE2_I/DRCK
                         net (fo=1, routed)           1.107     1.107    parser_i/mdm_1/U0/No_Dbg_Reg_Access.BUFG_DRCK/DRCK
    BUFGCTRL_X0Y1        BUFGCTRL (Prop_bufgctrl_I0_O)
                                                      0.029     1.136 r  parser_i/mdm_1/U0/No_Dbg_Reg_Access.BUFG_DRCK/Using_FPGA.Native/O
                         net (fo=233, routed)         0.963     2.099    parser_i/microblaze_0/U0/MicroBlaze_Core_I/Performance.Core/Use_Debug_Logic.Master_Core.Debug_Perf/Dbg_Clk
    SLICE_X24Y91         FDRE                                         r  parser_i/microblaze_0/U0/MicroBlaze_Core_I/Performance.Core/Use_Debug_Logic.Master_Core.Debug_Perf/Serial_Dbg_Intf.status_reg_reg[16]/C
                         clock pessimism             -0.415     1.683    
    SLICE_X24Y91         FDRE (Hold_fdre_C_D)         0.070     1.753    parser_i/microblaze_0/U0/MicroBlaze_Core_I/Performance.Core/Use_Debug_Logic.Master_Core.Debug_Perf/Serial_Dbg_Intf.status_reg_reg[16]
  -------------------------------------------------------------------
                         required time                         -1.753    
                         arrival time                           1.933    
  -------------------------------------------------------------------
                         slack                                  0.180    

Slack (MET) :             0.181ns  (arrival time - required time)
  Source:                 parser_i/microblaze_0/U0/MicroBlaze_Core_I/Performance.Core/Use_Debug_Logic.Master_Core.Debug_Perf/Serial_Dbg_Intf.sync_running_clock/Single_Synchronize.use_async_reset.sync_reg/C
                            (rising edge-triggered cell FDRE clocked by parser_i/mdm_1/U0/Use_E2.BSCAN_I/Use_E2.BSCANE2_I/DRCK  {rise@0.000ns fall@16.667ns period=33.333ns})
  Destination:            parser_i/microblaze_0/U0/MicroBlaze_Core_I/Performance.Core/Use_Debug_Logic.Master_Core.Debug_Perf/Serial_Dbg_Intf.status_reg_reg[24]/D
                            (rising edge-triggered cell FDRE clocked by parser_i/mdm_1/U0/Use_E2.BSCAN_I/Use_E2.BSCANE2_I/DRCK  {rise@0.000ns fall@16.667ns period=33.333ns})
  Path Group:             parser_i/mdm_1/U0/Use_E2.BSCAN_I/Use_E2.BSCANE2_I/DRCK
  Path Type:              Hold (Min at Fast Process Corner)
  Requirement:            0.000ns  (parser_i/mdm_1/U0/Use_E2.BSCAN_I/Use_E2.BSCANE2_I/DRCK rise@0.000ns - parser_i/mdm_1/U0/Use_E2.BSCAN_I/Use_E2.BSCANE2_I/DRCK rise@0.000ns)
  Data Path Delay:        0.257ns  (logic 0.141ns (54.828%)  route 0.116ns (45.172%))
  Logic Levels:           0  
  Clock Path Skew:        0.013ns (DCD - SCD - CPR)
    Destination Clock Delay (DCD):    2.101ns
    Source Clock Delay      (SCD):    1.672ns
    Clock Pessimism Removal (CPR):    0.415ns

    Location             Delay type                Incr(ns)  Path(ns)    Netlist Resource(s)
  -------------------------------------------------------------------    -------------------
                         (clock parser_i/mdm_1/U0/Use_E2.BSCAN_I/Use_E2.BSCANE2_I/DRCK rise edge)
                                                      0.000     0.000 r  
    BSCAN_X0Y1           BSCANE2                      0.000     0.000 r  parser_i/mdm_1/U0/Use_E2.BSCAN_I/Use_E2.BSCANE2_I/DRCK
                         net (fo=1, routed)           0.957     0.957    parser_i/mdm_1/U0/No_Dbg_Reg_Access.BUFG_DRCK/DRCK
    BUFGCTRL_X0Y1        BUFGCTRL (Prop_bufgctrl_I0_O)
                                                      0.026     0.983 r  parser_i/mdm_1/U0/No_Dbg_Reg_Access.BUFG_DRCK/Using_FPGA.Native/O
                         net (fo=233, routed)         0.689     1.672    parser_i/microblaze_0/U0/MicroBlaze_Core_I/Performance.Core/Use_Debug_Logic.Master_Core.Debug_Perf/Serial_Dbg_Intf.sync_running_clock/Dbg_Clk
    SLICE_X23Y92         FDRE                                         r  parser_i/microblaze_0/U0/MicroBlaze_Core_I/Performance.Core/Use_Debug_Logic.Master_Core.Debug_Perf/Serial_Dbg_Intf.sync_running_clock/Single_Synchronize.use_async_reset.sync_reg/C
  -------------------------------------------------------------------    -------------------
    SLICE_X23Y92         FDRE (Prop_fdre_C_Q)         0.141     1.813 r  parser_i/microblaze_0/U0/MicroBlaze_Core_I/Performance.Core/Use_Debug_Logic.Master_Core.Debug_Perf/Serial_Dbg_Intf.sync_running_clock/Single_Synchronize.use_async_reset.sync_reg/Q
                         net (fo=1, routed)           0.116     1.930    parser_i/microblaze_0/U0/MicroBlaze_Core_I/Performance.Core/Use_Debug_Logic.Master_Core.Debug_Perf/Serial_Dbg_Intf.running_clock_synced
    SLICE_X22Y92         FDRE                                         r  parser_i/microblaze_0/U0/MicroBlaze_Core_I/Performance.Core/Use_Debug_Logic.Master_Core.Debug_Perf/Serial_Dbg_Intf.status_reg_reg[24]/D
  -------------------------------------------------------------------    -------------------

                         (clock parser_i/mdm_1/U0/Use_E2.BSCAN_I/Use_E2.BSCANE2_I/DRCK rise edge)
                                                      0.000     0.000 r  
    BSCAN_X0Y1           BSCANE2                      0.000     0.000 r  parser_i/mdm_1/U0/Use_E2.BSCAN_I/Use_E2.BSCANE2_I/DRCK
                         net (fo=1, routed)           1.107     1.107    parser_i/mdm_1/U0/No_Dbg_Reg_Access.BUFG_DRCK/DRCK
    BUFGCTRL_X0Y1        BUFGCTRL (Prop_bufgctrl_I0_O)
                                                      0.029     1.136 r  parser_i/mdm_1/U0/No_Dbg_Reg_Access.BUFG_DRCK/Using_FPGA.Native/O
                         net (fo=233, routed)         0.965     2.101    parser_i/microblaze_0/U0/MicroBlaze_Core_I/Performance.Core/Use_Debug_Logic.Master_Core.Debug_Perf/Dbg_Clk
    SLICE_X22Y92         FDRE                                         r  parser_i/microblaze_0/U0/MicroBlaze_Core_I/Performance.Core/Use_Debug_Logic.Master_Core.Debug_Perf/Serial_Dbg_Intf.status_reg_reg[24]/C
                         clock pessimism             -0.415     1.685    
    SLICE_X22Y92         FDRE (Hold_fdre_C_D)         0.063     1.748    parser_i/microblaze_0/U0/MicroBlaze_Core_I/Performance.Core/Use_Debug_Logic.Master_Core.Debug_Perf/Serial_Dbg_Intf.status_reg_reg[24]
  -------------------------------------------------------------------
                         required time                         -1.748    
                         arrival time                           1.930    
  -------------------------------------------------------------------
                         slack                                  0.181    

Slack (MET) :             0.184ns  (arrival time - required time)
  Source:                 parser_i/mdm_1/U0/MDM_Core_I1/JTAG_CONTROL_I/Use_Serial_Unified_Completion.Completion_Status_Register.sample_reg[15]/C
                            (rising edge-triggered cell FDRE clocked by parser_i/mdm_1/U0/Use_E2.BSCAN_I/Use_E2.BSCANE2_I/DRCK  {rise@0.000ns fall@16.667ns period=33.333ns})
  Destination:            parser_i/mdm_1/U0/MDM_Core_I1/JTAG_CONTROL_I/Use_Serial_Unified_Completion.Completion_Status_Register.sample_1_reg[15]/D
                            (rising edge-triggered cell FDRE clocked by parser_i/mdm_1/U0/Use_E2.BSCAN_I/Use_E2.BSCANE2_I/DRCK  {rise@0.000ns fall@16.667ns period=33.333ns})
  Path Group:             parser_i/mdm_1/U0/Use_E2.BSCAN_I/Use_E2.BSCANE2_I/DRCK
  Path Type:              Hold (Min at Fast Process Corner)
  Requirement:            0.000ns  (parser_i/mdm_1/U0/Use_E2.BSCAN_I/Use_E2.BSCANE2_I/DRCK rise@0.000ns - parser_i/mdm_1/U0/Use_E2.BSCAN_I/Use_E2.BSCANE2_I/DRCK rise@0.000ns)
  Data Path Delay:        0.271ns  (logic 0.141ns (52.001%)  route 0.130ns (47.999%))
  Logic Levels:           0  
  Clock Path Skew:        0.016ns (DCD - SCD - CPR)
    Destination Clock Delay (DCD):    2.105ns
    Source Clock Delay      (SCD):    1.676ns
    Clock Pessimism Removal (CPR):    0.412ns

    Location             Delay type                Incr(ns)  Path(ns)    Netlist Resource(s)
  -------------------------------------------------------------------    -------------------
                         (clock parser_i/mdm_1/U0/Use_E2.BSCAN_I/Use_E2.BSCANE2_I/DRCK rise edge)
                                                      0.000     0.000 r  
    BSCAN_X0Y1           BSCANE2                      0.000     0.000 r  parser_i/mdm_1/U0/Use_E2.BSCAN_I/Use_E2.BSCANE2_I/DRCK
                         net (fo=1, routed)           0.957     0.957    parser_i/mdm_1/U0/No_Dbg_Reg_Access.BUFG_DRCK/DRCK
    BUFGCTRL_X0Y1        BUFGCTRL (Prop_bufgctrl_I0_O)
                                                      0.026     0.983 r  parser_i/mdm_1/U0/No_Dbg_Reg_Access.BUFG_DRCK/Using_FPGA.Native/O
                         net (fo=233, routed)         0.693     1.676    parser_i/mdm_1/U0/MDM_Core_I1/JTAG_CONTROL_I/Use_unisim.MB_SRL16E_I1
    SLICE_X13Y94         FDRE                                         r  parser_i/mdm_1/U0/MDM_Core_I1/JTAG_CONTROL_I/Use_Serial_Unified_Completion.Completion_Status_Register.sample_reg[15]/C
  -------------------------------------------------------------------    -------------------
    SLICE_X13Y94         FDRE (Prop_fdre_C_Q)         0.141     1.817 r  parser_i/mdm_1/U0/MDM_Core_I1/JTAG_CONTROL_I/Use_Serial_Unified_Completion.Completion_Status_Register.sample_reg[15]/Q
                         net (fo=3, routed)           0.130     1.948    parser_i/mdm_1/U0/MDM_Core_I1/JTAG_CONTROL_I/sample[15]
    SLICE_X13Y93         FDRE                                         r  parser_i/mdm_1/U0/MDM_Core_I1/JTAG_CONTROL_I/Use_Serial_Unified_Completion.Completion_Status_Register.sample_1_reg[15]/D
  -------------------------------------------------------------------    -------------------

                         (clock parser_i/mdm_1/U0/Use_E2.BSCAN_I/Use_E2.BSCANE2_I/DRCK rise edge)
                                                      0.000     0.000 r  
    BSCAN_X0Y1           BSCANE2                      0.000     0.000 r  parser_i/mdm_1/U0/Use_E2.BSCAN_I/Use_E2.BSCANE2_I/DRCK
                         net (fo=1, routed)           1.107     1.107    parser_i/mdm_1/U0/No_Dbg_Reg_Access.BUFG_DRCK/DRCK
    BUFGCTRL_X0Y1        BUFGCTRL (Prop_bufgctrl_I0_O)
                                                      0.029     1.136 r  parser_i/mdm_1/U0/No_Dbg_Reg_Access.BUFG_DRCK/Using_FPGA.Native/O
                         net (fo=233, routed)         0.969     2.105    parser_i/mdm_1/U0/MDM_Core_I1/JTAG_CONTROL_I/Use_unisim.MB_SRL16E_I1
    SLICE_X13Y93         FDRE                                         r  parser_i/mdm_1/U0/MDM_Core_I1/JTAG_CONTROL_I/Use_Serial_Unified_Completion.Completion_Status_Register.sample_1_reg[15]/C
                         clock pessimism             -0.412     1.692    
    SLICE_X13Y93         FDRE (Hold_fdre_C_D)         0.071     1.763    parser_i/mdm_1/U0/MDM_Core_I1/JTAG_CONTROL_I/Use_Serial_Unified_Completion.Completion_Status_Register.sample_1_reg[15]
  -------------------------------------------------------------------
                         required time                         -1.763    
                         arrival time                           1.948    
  -------------------------------------------------------------------
                         slack                                  0.184    

Slack (MET) :             0.185ns  (arrival time - required time)
  Source:                 parser_i/microblaze_0/U0/MicroBlaze_Core_I/Performance.Core/Use_Debug_Logic.Master_Core.Debug_Perf/Serial_Dbg_Intf.shift_datain_reg[23]/C
                            (rising edge-triggered cell FDRE clocked by parser_i/mdm_1/U0/Use_E2.BSCAN_I/Use_E2.BSCANE2_I/DRCK  {rise@0.000ns fall@16.667ns period=33.333ns})
  Destination:            parser_i/microblaze_0/U0/MicroBlaze_Core_I/Performance.Core/Use_Debug_Logic.Master_Core.Debug_Perf/Serial_Dbg_Intf.New_Instr_Reg_TCK_reg[22]/D
                            (rising edge-triggered cell FDRE clocked by parser_i/mdm_1/U0/Use_E2.BSCAN_I/Use_E2.BSCANE2_I/DRCK  {rise@0.000ns fall@16.667ns period=33.333ns})
  Path Group:             parser_i/mdm_1/U0/Use_E2.BSCAN_I/Use_E2.BSCANE2_I/DRCK
  Path Type:              Hold (Min at Fast Process Corner)
  Requirement:            0.000ns  (parser_i/mdm_1/U0/Use_E2.BSCAN_I/Use_E2.BSCANE2_I/DRCK rise@0.000ns - parser_i/mdm_1/U0/Use_E2.BSCAN_I/Use_E2.BSCANE2_I/DRCK rise@0.000ns)
  Data Path Delay:        0.270ns  (logic 0.141ns (52.260%)  route 0.129ns (47.740%))
  Logic Levels:           0  
  Clock Path Skew:        0.015ns (DCD - SCD - CPR)
    Destination Clock Delay (DCD):    2.097ns
    Source Clock Delay      (SCD):    1.669ns
    Clock Pessimism Removal (CPR):    0.412ns

    Location             Delay type                Incr(ns)  Path(ns)    Netlist Resource(s)
  -------------------------------------------------------------------    -------------------
                         (clock parser_i/mdm_1/U0/Use_E2.BSCAN_I/Use_E2.BSCANE2_I/DRCK rise edge)
                                                      0.000     0.000 r  
    BSCAN_X0Y1           BSCANE2                      0.000     0.000 r  parser_i/mdm_1/U0/Use_E2.BSCAN_I/Use_E2.BSCANE2_I/DRCK
                         net (fo=1, routed)           0.957     0.957    parser_i/mdm_1/U0/No_Dbg_Reg_Access.BUFG_DRCK/DRCK
    BUFGCTRL_X0Y1        BUFGCTRL (Prop_bufgctrl_I0_O)
                                                      0.026     0.983 r  parser_i/mdm_1/U0/No_Dbg_Reg_Access.BUFG_DRCK/Using_FPGA.Native/O
                         net (fo=233, routed)         0.686     1.669    parser_i/microblaze_0/U0/MicroBlaze_Core_I/Performance.Core/Use_Debug_Logic.Master_Core.Debug_Perf/Dbg_Clk
    SLICE_X15Y81         FDRE                                         r  parser_i/microblaze_0/U0/MicroBlaze_Core_I/Performance.Core/Use_Debug_Logic.Master_Core.Debug_Perf/Serial_Dbg_Intf.shift_datain_reg[23]/C
  -------------------------------------------------------------------    -------------------
    SLICE_X15Y81         FDRE (Prop_fdre_C_Q)         0.141     1.810 r  parser_i/microblaze_0/U0/MicroBlaze_Core_I/Performance.Core/Use_Debug_Logic.Master_Core.Debug_Perf/Serial_Dbg_Intf.shift_datain_reg[23]/Q
                         net (fo=3, routed)           0.129     1.939    parser_i/microblaze_0/U0/MicroBlaze_Core_I/Performance.Core/Use_Debug_Logic.Master_Core.Debug_Perf/Serial_Dbg_Intf.shift_datain_reg_n_0_[23]
    SLICE_X15Y82         FDRE                                         r  parser_i/microblaze_0/U0/MicroBlaze_Core_I/Performance.Core/Use_Debug_Logic.Master_Core.Debug_Perf/Serial_Dbg_Intf.New_Instr_Reg_TCK_reg[22]/D
  -------------------------------------------------------------------    -------------------

                         (clock parser_i/mdm_1/U0/Use_E2.BSCAN_I/Use_E2.BSCANE2_I/DRCK rise edge)
                                                      0.000     0.000 r  
    BSCAN_X0Y1           BSCANE2                      0.000     0.000 r  parser_i/mdm_1/U0/Use_E2.BSCAN_I/Use_E2.BSCANE2_I/DRCK
                         net (fo=1, routed)           1.107     1.107    parser_i/mdm_1/U0/No_Dbg_Reg_Access.BUFG_DRCK/DRCK
    BUFGCTRL_X0Y1        BUFGCTRL (Prop_bufgctrl_I0_O)
                                                      0.029     1.136 r  parser_i/mdm_1/U0/No_Dbg_Reg_Access.BUFG_DRCK/Using_FPGA.Native/O
                         net (fo=233, routed)         0.961     2.097    parser_i/microblaze_0/U0/MicroBlaze_Core_I/Performance.Core/Use_Debug_Logic.Master_Core.Debug_Perf/Dbg_Clk
    SLICE_X15Y82         FDRE                                         r  parser_i/microblaze_0/U0/MicroBlaze_Core_I/Performance.Core/Use_Debug_Logic.Master_Core.Debug_Perf/Serial_Dbg_Intf.New_Instr_Reg_TCK_reg[22]/C
                         clock pessimism             -0.412     1.684    
    SLICE_X15Y82         FDRE (Hold_fdre_C_D)         0.070     1.754    parser_i/microblaze_0/U0/MicroBlaze_Core_I/Performance.Core/Use_Debug_Logic.Master_Core.Debug_Perf/Serial_Dbg_Intf.New_Instr_Reg_TCK_reg[22]
  -------------------------------------------------------------------
                         required time                         -1.754    
                         arrival time                           1.939    
  -------------------------------------------------------------------
                         slack                                  0.185    





Pulse Width Checks
--------------------------------------------------------------------------------------
Clock Name:         parser_i/mdm_1/U0/Use_E2.BSCAN_I/Use_E2.BSCANE2_I/DRCK
Waveform(ns):       { 0.000 16.667 }
Period(ns):         33.333
Sources:            { parser_i/mdm_1/U0/Use_E2.BSCAN_I/Use_E2.BSCANE2_I/DRCK }

Check Type        Corner  Lib Pin      Reference Pin  Required(ns)  Actual(ns)  Slack(ns)  Location       Pin
Min Period        n/a     BUFGCTRL/I0  n/a            2.155         33.333      31.178     BUFGCTRL_X0Y1  parser_i/mdm_1/U0/No_Dbg_Reg_Access.BUFG_DRCK/Using_FPGA.Native/I0
Min Period        n/a     FDCE/C       n/a            1.000         33.333      32.333     SLICE_X19Y98   parser_i/mdm_1/U0/MDM_Core_I1/Use_BSCAN.Config_Reg_reg[0]/C
Min Period        n/a     FDCE/C       n/a            1.000         33.333      32.333     SLICE_X17Y98   parser_i/mdm_1/U0/MDM_Core_I1/Use_BSCAN.Config_Reg_reg[10]/C
Min Period        n/a     FDRE/C       n/a            1.000         33.333      32.333     SLICE_X16Y97   parser_i/mdm_1/U0/MDM_Core_I1/Use_BSCAN.Config_Reg_reg[11]_MDM_Core_I1_Use_BSCAN.Config_Reg_reg_c_12/C
Min Period        n/a     FDPE/C       n/a            1.000         33.333      32.333     SLICE_X19Y98   parser_i/mdm_1/U0/MDM_Core_I1/Use_BSCAN.Config_Reg_reg[1]/C
Min Period        n/a     FDPE/C       n/a            1.000         33.333      32.333     SLICE_X17Y97   parser_i/mdm_1/U0/MDM_Core_I1/Use_BSCAN.Config_Reg_reg[25]/C
Min Period        n/a     FDCE/C       n/a            1.000         33.333      32.333     SLICE_X17Y97   parser_i/mdm_1/U0/MDM_Core_I1/Use_BSCAN.Config_Reg_reg[26]/C
Min Period        n/a     FDRE/C       n/a            1.000         33.333      32.333     SLICE_X16Y97   parser_i/mdm_1/U0/MDM_Core_I1/Use_BSCAN.Config_Reg_reg[27]_MDM_Core_I1_Use_BSCAN.Config_Reg_reg_c_1/C
Min Period        n/a     FDPE/C       n/a            1.000         33.333      32.333     SLICE_X18Y98   parser_i/mdm_1/U0/MDM_Core_I1/Use_BSCAN.Config_Reg_reg[2]/C
Min Period        n/a     FDPE/C       n/a            1.000         33.333      32.333     SLICE_X18Y97   parser_i/mdm_1/U0/MDM_Core_I1/Use_BSCAN.Config_Reg_reg[30]/C
Low Pulse Width   Slow    SRL16E/CLK   n/a            0.980         16.666      15.686     SLICE_X16Y97   parser_i/mdm_1/U0/MDM_Core_I1/Use_BSCAN.Config_Reg_reg[12]_srl13_MDM_Core_I1_Use_BSCAN.Config_Reg_reg_c_11/CLK
Low Pulse Width   Fast    SRL16E/CLK   n/a            0.980         16.666      15.686     SLICE_X16Y97   parser_i/mdm_1/U0/MDM_Core_I1/Use_BSCAN.Config_Reg_reg[12]_srl13_MDM_Core_I1_Use_BSCAN.Config_Reg_reg_c_11/CLK
Low Pulse Width   Slow    SRL16E/CLK   n/a            0.980         16.666      15.686     SLICE_X16Y97   parser_i/mdm_1/U0/MDM_Core_I1/Use_BSCAN.Config_Reg_reg[28]_srl2_MDM_Core_I1_Use_BSCAN.Config_Reg_reg_c_0/CLK
Low Pulse Width   Fast    SRL16E/CLK   n/a            0.980         16.666      15.686     SLICE_X16Y97   parser_i/mdm_1/U0/MDM_Core_I1/Use_BSCAN.Config_Reg_reg[28]_srl2_MDM_Core_I1_Use_BSCAN.Config_Reg_reg_c_0/CLK
Low Pulse Width   Slow    SRL16E/CLK   n/a            0.980         16.666      15.686     SLICE_X16Y97   parser_i/mdm_1/U0/MDM_Core_I1/Use_BSCAN.Config_Reg_reg[5]_srl4_MDM_Core_I1_Use_BSCAN.Config_Reg_reg_c_2/CLK
Low Pulse Width   Fast    SRL16E/CLK   n/a            0.980         16.666      15.686     SLICE_X16Y97   parser_i/mdm_1/U0/MDM_Core_I1/Use_BSCAN.Config_Reg_reg[5]_srl4_MDM_Core_I1_Use_BSCAN.Config_Reg_reg_c_2/CLK
Low Pulse Width   Slow    SRL16E/CLK   n/a            0.980         16.667      15.687     SLICE_X18Y94   parser_i/mdm_1/U0/MDM_Core_I1/JTAG_CONTROL_I/Use_Config_SRL16E.SRL16E_1/Use_unisim.MB_SRL16E_I1/CLK
Low Pulse Width   Fast    SRL16E/CLK   n/a            0.980         16.666      15.686     SLICE_X18Y94   parser_i/mdm_1/U0/MDM_Core_I1/JTAG_CONTROL_I/Use_Config_SRL16E.SRL16E_1/Use_unisim.MB_SRL16E_I1/CLK
Low Pulse Width   Slow    SRL16E/CLK   n/a            0.980         16.667      15.687     SLICE_X18Y94   parser_i/mdm_1/U0/MDM_Core_I1/JTAG_CONTROL_I/Use_Config_SRL16E.SRL16E_2/Use_unisim.MB_SRL16E_I1/CLK
Low Pulse Width   Fast    SRL16E/CLK   n/a            0.980         16.666      15.686     SLICE_X18Y94   parser_i/mdm_1/U0/MDM_Core_I1/JTAG_CONTROL_I/Use_Config_SRL16E.SRL16E_2/Use_unisim.MB_SRL16E_I1/CLK
High Pulse Width  Slow    SRL16E/CLK   n/a            0.980         16.666      15.686     SLICE_X16Y97   parser_i/mdm_1/U0/MDM_Core_I1/Use_BSCAN.Config_Reg_reg[12]_srl13_MDM_Core_I1_Use_BSCAN.Config_Reg_reg_c_11/CLK
High Pulse Width  Fast    SRL16E/CLK   n/a            0.980         16.666      15.686     SLICE_X16Y97   parser_i/mdm_1/U0/MDM_Core_I1/Use_BSCAN.Config_Reg_reg[12]_srl13_MDM_Core_I1_Use_BSCAN.Config_Reg_reg_c_11/CLK
High Pulse Width  Slow    SRL16E/CLK   n/a            0.980         16.666      15.686     SLICE_X16Y97   parser_i/mdm_1/U0/MDM_Core_I1/Use_BSCAN.Config_Reg_reg[28]_srl2_MDM_Core_I1_Use_BSCAN.Config_Reg_reg_c_0/CLK
High Pulse Width  Fast    SRL16E/CLK   n/a            0.980         16.666      15.686     SLICE_X16Y97   parser_i/mdm_1/U0/MDM_Core_I1/Use_BSCAN.Config_Reg_reg[28]_srl2_MDM_Core_I1_Use_BSCAN.Config_Reg_reg_c_0/CLK
High Pulse Width  Slow    SRL16E/CLK   n/a            0.980         16.666      15.686     SLICE_X16Y97   parser_i/mdm_1/U0/MDM_Core_I1/Use_BSCAN.Config_Reg_reg[5]_srl4_MDM_Core_I1_Use_BSCAN.Config_Reg_reg_c_2/CLK
High Pulse Width  Fast    SRL16E/CLK   n/a            0.980         16.666      15.686     SLICE_X16Y97   parser_i/mdm_1/U0/MDM_Core_I1/Use_BSCAN.Config_Reg_reg[5]_srl4_MDM_Core_I1_Use_BSCAN.Config_Reg_reg_c_2/CLK
High Pulse Width  Slow    SRL16E/CLK   n/a            0.980         16.666      15.686     SLICE_X18Y94   parser_i/mdm_1/U0/MDM_Core_I1/JTAG_CONTROL_I/Use_Config_SRL16E.SRL16E_1/Use_unisim.MB_SRL16E_I1/CLK
High Pulse Width  Fast    SRL16E/CLK   n/a            0.980         16.666      15.686     SLICE_X18Y94   parser_i/mdm_1/U0/MDM_Core_I1/JTAG_CONTROL_I/Use_Config_SRL16E.SRL16E_1/Use_unisim.MB_SRL16E_I1/CLK
High Pulse Width  Slow    SRL16E/CLK   n/a            0.980         16.666      15.686     SLICE_X18Y94   parser_i/mdm_1/U0/MDM_Core_I1/JTAG_CONTROL_I/Use_Config_SRL16E.SRL16E_2/Use_unisim.MB_SRL16E_I1/CLK
High Pulse Width  Fast    SRL16E/CLK   n/a            0.980         16.666      15.686     SLICE_X18Y94   parser_i/mdm_1/U0/MDM_Core_I1/JTAG_CONTROL_I/Use_Config_SRL16E.SRL16E_2/Use_unisim.MB_SRL16E_I1/CLK



---------------------------------------------------------------------------------------------------
From Clock:  parser_i/mdm_1/U0/Use_E2.BSCAN_I/Use_E2.BSCANE2_I/UPDATE
  To Clock:  parser_i/mdm_1/U0/Use_E2.BSCAN_I/Use_E2.BSCANE2_I/UPDATE

Setup :            0  Failing Endpoints,  Worst Slack       11.833ns,  Total Violation        0.000ns
Hold  :            0  Failing Endpoints,  Worst Slack        0.263ns,  Total Violation        0.000ns
PW    :            0  Failing Endpoints,  Worst Slack       16.166ns,  Total Violation        0.000ns
---------------------------------------------------------------------------------------------------


Max Delay Paths
--------------------------------------------------------------------------------------
Slack (MET) :             11.833ns  (required time - arrival time)
  Source:                 parser_i/mdm_1/U0/MDM_Core_I1/JTAG_CONTROL_I/Use_BSCAN.command_reg[3]/C
                            (falling edge-triggered cell FDRE clocked by parser_i/mdm_1/U0/Use_E2.BSCAN_I/Use_E2.BSCANE2_I/UPDATE  {rise@0.000ns fall@16.667ns period=33.333ns})
  Destination:            parser_i/microblaze_0/U0/MicroBlaze_Core_I/Performance.Core/Use_Debug_Logic.Master_Core.Debug_Perf/Serial_Dbg_Intf.force_stop_TClk_reg/CE
                            (rising edge-triggered cell FDCE clocked by parser_i/mdm_1/U0/Use_E2.BSCAN_I/Use_E2.BSCANE2_I/UPDATE  {rise@0.000ns fall@16.667ns period=33.333ns})
  Path Group:             parser_i/mdm_1/U0/Use_E2.BSCAN_I/Use_E2.BSCANE2_I/UPDATE
  Path Type:              Setup (Max at Slow Process Corner)
  Requirement:            16.667ns  (parser_i/mdm_1/U0/Use_E2.BSCAN_I/Use_E2.BSCANE2_I/UPDATE rise@33.333ns - parser_i/mdm_1/U0/Use_E2.BSCAN_I/Use_E2.BSCANE2_I/UPDATE fall@16.667ns)
  Data Path Delay:        4.340ns  (logic 1.090ns (25.115%)  route 3.250ns (74.885%))
  Logic Levels:           3  (LUT3=1 LUT4=1 LUT5=1)
  Clock Path Skew:        -0.046ns (DCD - SCD + CPR)
    Destination Clock Delay (DCD):    4.026ns = ( 37.359 - 33.333 ) 
    Source Clock Delay      (SCD):    4.503ns = ( 21.169 - 16.667 ) 
    Clock Pessimism Removal (CPR):    0.430ns
  Clock Uncertainty:      0.035ns  ((TSJ^2 + TIJ^2)^1/2 + DJ) / 2 + PE
    Total System Jitter     (TSJ):    0.071ns
    Total Input Jitter      (TIJ):    0.000ns
    Discrete Jitter          (DJ):    0.000ns
    Phase Error              (PE):    0.000ns

    Location             Delay type                Incr(ns)  Path(ns)    Netlist Resource(s)
  -------------------------------------------------------------------    -------------------
                         (clock parser_i/mdm_1/U0/Use_E2.BSCAN_I/Use_E2.BSCANE2_I/UPDATE fall edge)
                                                     16.667    16.667 f  
    BSCAN_X0Y1           BSCANE2                      0.000    16.667 f  parser_i/mdm_1/U0/Use_E2.BSCAN_I/Use_E2.BSCANE2_I/UPDATE
                         net (fo=1, routed)           2.461    19.128    parser_i/mdm_1/U0/Use_E2.BSCAN_I/Dbg_Update_0
    BUFGCTRL_X0Y2        BUFG (Prop_bufg_I_O)         0.096    19.224 f  parser_i/mdm_1/U0/Use_E2.BSCAN_I/Dbg_Update_0_BUFG_inst/O
                         net (fo=39, routed)          1.945    21.169    parser_i/mdm_1/U0/MDM_Core_I1/JTAG_CONTROL_I/CLK
    SLICE_X17Y94         FDRE                                         r  parser_i/mdm_1/U0/MDM_Core_I1/JTAG_CONTROL_I/Use_BSCAN.command_reg[3]/C  (IS_INVERTED)
  -------------------------------------------------------------------    -------------------
    SLICE_X17Y94         FDRE (Prop_fdre_C_Q)         0.459    21.628 f  parser_i/mdm_1/U0/MDM_Core_I1/JTAG_CONTROL_I/Use_BSCAN.command_reg[3]/Q
                         net (fo=6, routed)           0.848    22.476    parser_i/mdm_1/U0/MDM_Core_I1/JTAG_CONTROL_I/Use_BSCAN.FDC_I/command[3]
    SLICE_X18Y93         LUT3 (Prop_lut3_I2_O)        0.150    22.626 f  parser_i/mdm_1/U0/MDM_Core_I1/JTAG_CONTROL_I/Use_BSCAN.FDC_I/Dbg_Reg_En_0[3]_INST_0/O
                         net (fo=2, routed)           0.674    23.299    parser_i/microblaze_0/U0/MicroBlaze_Core_I/Performance.Core/Use_Debug_Logic.Master_Core.Debug_Perf/Dbg_Reg_En[3]
    SLICE_X19Y93         LUT4 (Prop_lut4_I3_O)        0.328    23.627 f  parser_i/microblaze_0/U0/MicroBlaze_Core_I/Performance.Core/Use_Debug_Logic.Master_Core.Debug_Perf/Dbg_TDO_INST_0_i_15/O
                         net (fo=7, routed)           0.689    24.317    parser_i/microblaze_0/U0/MicroBlaze_Core_I/Performance.Core/Use_Debug_Logic.Master_Core.Debug_Perf/Dbg_Reg_En_2_sn_1
    SLICE_X18Y91         LUT5 (Prop_lut5_I4_O)        0.153    24.470 r  parser_i/microblaze_0/U0/MicroBlaze_Core_I/Performance.Core/Use_Debug_Logic.Master_Core.Debug_Perf/Serial_Dbg_Intf.normal_stop_TClk_i_1/O
                         net (fo=8, routed)           1.040    25.509    parser_i/microblaze_0/U0/MicroBlaze_Core_I/Performance.Core/Use_Debug_Logic.Master_Core.Debug_Perf/Control_Reg_En
    SLICE_X15Y83         FDCE                                         r  parser_i/microblaze_0/U0/MicroBlaze_Core_I/Performance.Core/Use_Debug_Logic.Master_Core.Debug_Perf/Serial_Dbg_Intf.force_stop_TClk_reg/CE
  -------------------------------------------------------------------    -------------------

                         (clock parser_i/mdm_1/U0/Use_E2.BSCAN_I/Use_E2.BSCANE2_I/UPDATE rise edge)
                                                     33.333    33.333 r  
    BSCAN_X0Y1           BSCANE2                      0.000    33.333 r  parser_i/mdm_1/U0/Use_E2.BSCAN_I/Use_E2.BSCANE2_I/UPDATE
                         net (fo=1, routed)           2.124    35.457    parser_i/mdm_1/U0/Use_E2.BSCAN_I/Dbg_Update_0
    BUFGCTRL_X0Y2        BUFG (Prop_bufg_I_O)         0.091    35.548 r  parser_i/mdm_1/U0/Use_E2.BSCAN_I/Dbg_Update_0_BUFG_inst/O
                         net (fo=39, routed)          1.811    37.359    parser_i/microblaze_0/U0/MicroBlaze_Core_I/Performance.Core/Use_Debug_Logic.Master_Core.Debug_Perf/Dbg_Update
    SLICE_X15Y83         FDCE                                         r  parser_i/microblaze_0/U0/MicroBlaze_Core_I/Performance.Core/Use_Debug_Logic.Master_Core.Debug_Perf/Serial_Dbg_Intf.force_stop_TClk_reg/C
                         clock pessimism              0.430    37.790    
                         clock uncertainty           -0.035    37.754    
    SLICE_X15Y83         FDCE (Setup_fdce_C_CE)      -0.412    37.342    parser_i/microblaze_0/U0/MicroBlaze_Core_I/Performance.Core/Use_Debug_Logic.Master_Core.Debug_Perf/Serial_Dbg_Intf.force_stop_TClk_reg
  -------------------------------------------------------------------
                         required time                         37.342    
                         arrival time                         -25.509    
  -------------------------------------------------------------------
                         slack                                 11.833    

Slack (MET) :             11.869ns  (required time - arrival time)
  Source:                 parser_i/mdm_1/U0/MDM_Core_I1/JTAG_CONTROL_I/Use_BSCAN.command_reg[3]/C
                            (falling edge-triggered cell FDRE clocked by parser_i/mdm_1/U0/Use_E2.BSCAN_I/Use_E2.BSCANE2_I/UPDATE  {rise@0.000ns fall@16.667ns period=33.333ns})
  Destination:            parser_i/microblaze_0/U0/MicroBlaze_Core_I/Performance.Core/Use_Debug_Logic.Master_Core.Debug_Perf/Serial_Dbg_Intf.control_reg_reg[4]/CE
                            (rising edge-triggered cell FDRE clocked by parser_i/mdm_1/U0/Use_E2.BSCAN_I/Use_E2.BSCANE2_I/UPDATE  {rise@0.000ns fall@16.667ns period=33.333ns})
  Path Group:             parser_i/mdm_1/U0/Use_E2.BSCAN_I/Use_E2.BSCANE2_I/UPDATE
  Path Type:              Setup (Max at Slow Process Corner)
  Requirement:            16.667ns  (parser_i/mdm_1/U0/Use_E2.BSCAN_I/Use_E2.BSCANE2_I/UPDATE rise@33.333ns - parser_i/mdm_1/U0/Use_E2.BSCAN_I/Use_E2.BSCANE2_I/UPDATE fall@16.667ns)
  Data Path Delay:        4.340ns  (logic 1.090ns (25.115%)  route 3.250ns (74.885%))
  Logic Levels:           3  (LUT3=1 LUT4=1 LUT5=1)
  Clock Path Skew:        -0.046ns (DCD - SCD + CPR)
    Destination Clock Delay (DCD):    4.026ns = ( 37.359 - 33.333 ) 
    Source Clock Delay      (SCD):    4.503ns = ( 21.169 - 16.667 ) 
    Clock Pessimism Removal (CPR):    0.430ns
  Clock Uncertainty:      0.035ns  ((TSJ^2 + TIJ^2)^1/2 + DJ) / 2 + PE
    Total System Jitter     (TSJ):    0.071ns
    Total Input Jitter      (TIJ):    0.000ns
    Discrete Jitter          (DJ):    0.000ns
    Phase Error              (PE):    0.000ns

    Location             Delay type                Incr(ns)  Path(ns)    Netlist Resource(s)
  -------------------------------------------------------------------    -------------------
                         (clock parser_i/mdm_1/U0/Use_E2.BSCAN_I/Use_E2.BSCANE2_I/UPDATE fall edge)
                                                     16.667    16.667 f  
    BSCAN_X0Y1           BSCANE2                      0.000    16.667 f  parser_i/mdm_1/U0/Use_E2.BSCAN_I/Use_E2.BSCANE2_I/UPDATE
                         net (fo=1, routed)           2.461    19.128    parser_i/mdm_1/U0/Use_E2.BSCAN_I/Dbg_Update_0
    BUFGCTRL_X0Y2        BUFG (Prop_bufg_I_O)         0.096    19.224 f  parser_i/mdm_1/U0/Use_E2.BSCAN_I/Dbg_Update_0_BUFG_inst/O
                         net (fo=39, routed)          1.945    21.169    parser_i/mdm_1/U0/MDM_Core_I1/JTAG_CONTROL_I/CLK
    SLICE_X17Y94         FDRE                                         r  parser_i/mdm_1/U0/MDM_Core_I1/JTAG_CONTROL_I/Use_BSCAN.command_reg[3]/C  (IS_INVERTED)
  -------------------------------------------------------------------    -------------------
    SLICE_X17Y94         FDRE (Prop_fdre_C_Q)         0.459    21.628 f  parser_i/mdm_1/U0/MDM_Core_I1/JTAG_CONTROL_I/Use_BSCAN.command_reg[3]/Q
                         net (fo=6, routed)           0.848    22.476    parser_i/mdm_1/U0/MDM_Core_I1/JTAG_CONTROL_I/Use_BSCAN.FDC_I/command[3]
    SLICE_X18Y93         LUT3 (Prop_lut3_I2_O)        0.150    22.626 f  parser_i/mdm_1/U0/MDM_Core_I1/JTAG_CONTROL_I/Use_BSCAN.FDC_I/Dbg_Reg_En_0[3]_INST_0/O
                         net (fo=2, routed)           0.674    23.299    parser_i/microblaze_0/U0/MicroBlaze_Core_I/Performance.Core/Use_Debug_Logic.Master_Core.Debug_Perf/Dbg_Reg_En[3]
    SLICE_X19Y93         LUT4 (Prop_lut4_I3_O)        0.328    23.627 f  parser_i/microblaze_0/U0/MicroBlaze_Core_I/Performance.Core/Use_Debug_Logic.Master_Core.Debug_Perf/Dbg_TDO_INST_0_i_15/O
                         net (fo=7, routed)           0.689    24.317    parser_i/microblaze_0/U0/MicroBlaze_Core_I/Performance.Core/Use_Debug_Logic.Master_Core.Debug_Perf/Dbg_Reg_En_2_sn_1
    SLICE_X18Y91         LUT5 (Prop_lut5_I4_O)        0.153    24.470 r  parser_i/microblaze_0/U0/MicroBlaze_Core_I/Performance.Core/Use_Debug_Logic.Master_Core.Debug_Perf/Serial_Dbg_Intf.normal_stop_TClk_i_1/O
                         net (fo=8, routed)           1.040    25.509    parser_i/microblaze_0/U0/MicroBlaze_Core_I/Performance.Core/Use_Debug_Logic.Master_Core.Debug_Perf/Control_Reg_En
    SLICE_X14Y83         FDRE                                         r  parser_i/microblaze_0/U0/MicroBlaze_Core_I/Performance.Core/Use_Debug_Logic.Master_Core.Debug_Perf/Serial_Dbg_Intf.control_reg_reg[4]/CE
  -------------------------------------------------------------------    -------------------

                         (clock parser_i/mdm_1/U0/Use_E2.BSCAN_I/Use_E2.BSCANE2_I/UPDATE rise edge)
                                                     33.333    33.333 r  
    BSCAN_X0Y1           BSCANE2                      0.000    33.333 r  parser_i/mdm_1/U0/Use_E2.BSCAN_I/Use_E2.BSCANE2_I/UPDATE
                         net (fo=1, routed)           2.124    35.457    parser_i/mdm_1/U0/Use_E2.BSCAN_I/Dbg_Update_0
    BUFGCTRL_X0Y2        BUFG (Prop_bufg_I_O)         0.091    35.548 r  parser_i/mdm_1/U0/Use_E2.BSCAN_I/Dbg_Update_0_BUFG_inst/O
                         net (fo=39, routed)          1.811    37.359    parser_i/microblaze_0/U0/MicroBlaze_Core_I/Performance.Core/Use_Debug_Logic.Master_Core.Debug_Perf/Dbg_Update
    SLICE_X14Y83         FDRE                                         r  parser_i/microblaze_0/U0/MicroBlaze_Core_I/Performance.Core/Use_Debug_Logic.Master_Core.Debug_Perf/Serial_Dbg_Intf.control_reg_reg[4]/C
                         clock pessimism              0.430    37.790    
                         clock uncertainty           -0.035    37.754    
    SLICE_X14Y83         FDRE (Setup_fdre_C_CE)      -0.376    37.378    parser_i/microblaze_0/U0/MicroBlaze_Core_I/Performance.Core/Use_Debug_Logic.Master_Core.Debug_Perf/Serial_Dbg_Intf.control_reg_reg[4]
  -------------------------------------------------------------------
                         required time                         37.378    
                         arrival time                         -25.509    
  -------------------------------------------------------------------
                         slack                                 11.869    

Slack (MET) :             11.869ns  (required time - arrival time)
  Source:                 parser_i/mdm_1/U0/MDM_Core_I1/JTAG_CONTROL_I/Use_BSCAN.command_reg[3]/C
                            (falling edge-triggered cell FDRE clocked by parser_i/mdm_1/U0/Use_E2.BSCAN_I/Use_E2.BSCANE2_I/UPDATE  {rise@0.000ns fall@16.667ns period=33.333ns})
  Destination:            parser_i/microblaze_0/U0/MicroBlaze_Core_I/Performance.Core/Use_Debug_Logic.Master_Core.Debug_Perf/Serial_Dbg_Intf.control_reg_reg[5]/CE
                            (rising edge-triggered cell FDRE clocked by parser_i/mdm_1/U0/Use_E2.BSCAN_I/Use_E2.BSCANE2_I/UPDATE  {rise@0.000ns fall@16.667ns period=33.333ns})
  Path Group:             parser_i/mdm_1/U0/Use_E2.BSCAN_I/Use_E2.BSCANE2_I/UPDATE
  Path Type:              Setup (Max at Slow Process Corner)
  Requirement:            16.667ns  (parser_i/mdm_1/U0/Use_E2.BSCAN_I/Use_E2.BSCANE2_I/UPDATE rise@33.333ns - parser_i/mdm_1/U0/Use_E2.BSCAN_I/Use_E2.BSCANE2_I/UPDATE fall@16.667ns)
  Data Path Delay:        4.340ns  (logic 1.090ns (25.115%)  route 3.250ns (74.885%))
  Logic Levels:           3  (LUT3=1 LUT4=1 LUT5=1)
  Clock Path Skew:        -0.046ns (DCD - SCD + CPR)
    Destination Clock Delay (DCD):    4.026ns = ( 37.359 - 33.333 ) 
    Source Clock Delay      (SCD):    4.503ns = ( 21.169 - 16.667 ) 
    Clock Pessimism Removal (CPR):    0.430ns
  Clock Uncertainty:      0.035ns  ((TSJ^2 + TIJ^2)^1/2 + DJ) / 2 + PE
    Total System Jitter     (TSJ):    0.071ns
    Total Input Jitter      (TIJ):    0.000ns
    Discrete Jitter          (DJ):    0.000ns
    Phase Error              (PE):    0.000ns

    Location             Delay type                Incr(ns)  Path(ns)    Netlist Resource(s)
  -------------------------------------------------------------------    -------------------
                         (clock parser_i/mdm_1/U0/Use_E2.BSCAN_I/Use_E2.BSCANE2_I/UPDATE fall edge)
                                                     16.667    16.667 f  
    BSCAN_X0Y1           BSCANE2                      0.000    16.667 f  parser_i/mdm_1/U0/Use_E2.BSCAN_I/Use_E2.BSCANE2_I/UPDATE
                         net (fo=1, routed)           2.461    19.128    parser_i/mdm_1/U0/Use_E2.BSCAN_I/Dbg_Update_0
    BUFGCTRL_X0Y2        BUFG (Prop_bufg_I_O)         0.096    19.224 f  parser_i/mdm_1/U0/Use_E2.BSCAN_I/Dbg_Update_0_BUFG_inst/O
                         net (fo=39, routed)          1.945    21.169    parser_i/mdm_1/U0/MDM_Core_I1/JTAG_CONTROL_I/CLK
    SLICE_X17Y94         FDRE                                         r  parser_i/mdm_1/U0/MDM_Core_I1/JTAG_CONTROL_I/Use_BSCAN.command_reg[3]/C  (IS_INVERTED)
  -------------------------------------------------------------------    -------------------
    SLICE_X17Y94         FDRE (Prop_fdre_C_Q)         0.459    21.628 f  parser_i/mdm_1/U0/MDM_Core_I1/JTAG_CONTROL_I/Use_BSCAN.command_reg[3]/Q
                         net (fo=6, routed)           0.848    22.476    parser_i/mdm_1/U0/MDM_Core_I1/JTAG_CONTROL_I/Use_BSCAN.FDC_I/command[3]
    SLICE_X18Y93         LUT3 (Prop_lut3_I2_O)        0.150    22.626 f  parser_i/mdm_1/U0/MDM_Core_I1/JTAG_CONTROL_I/Use_BSCAN.FDC_I/Dbg_Reg_En_0[3]_INST_0/O
                         net (fo=2, routed)           0.674    23.299    parser_i/microblaze_0/U0/MicroBlaze_Core_I/Performance.Core/Use_Debug_Logic.Master_Core.Debug_Perf/Dbg_Reg_En[3]
    SLICE_X19Y93         LUT4 (Prop_lut4_I3_O)        0.328    23.627 f  parser_i/microblaze_0/U0/MicroBlaze_Core_I/Performance.Core/Use_Debug_Logic.Master_Core.Debug_Perf/Dbg_TDO_INST_0_i_15/O
                         net (fo=7, routed)           0.689    24.317    parser_i/microblaze_0/U0/MicroBlaze_Core_I/Performance.Core/Use_Debug_Logic.Master_Core.Debug_Perf/Dbg_Reg_En_2_sn_1
    SLICE_X18Y91         LUT5 (Prop_lut5_I4_O)        0.153    24.470 r  parser_i/microblaze_0/U0/MicroBlaze_Core_I/Performance.Core/Use_Debug_Logic.Master_Core.Debug_Perf/Serial_Dbg_Intf.normal_stop_TClk_i_1/O
                         net (fo=8, routed)           1.040    25.509    parser_i/microblaze_0/U0/MicroBlaze_Core_I/Performance.Core/Use_Debug_Logic.Master_Core.Debug_Perf/Control_Reg_En
    SLICE_X14Y83         FDRE                                         r  parser_i/microblaze_0/U0/MicroBlaze_Core_I/Performance.Core/Use_Debug_Logic.Master_Core.Debug_Perf/Serial_Dbg_Intf.control_reg_reg[5]/CE
  -------------------------------------------------------------------    -------------------

                         (clock parser_i/mdm_1/U0/Use_E2.BSCAN_I/Use_E2.BSCANE2_I/UPDATE rise edge)
                                                     33.333    33.333 r  
    BSCAN_X0Y1           BSCANE2                      0.000    33.333 r  parser_i/mdm_1/U0/Use_E2.BSCAN_I/Use_E2.BSCANE2_I/UPDATE
                         net (fo=1, routed)           2.124    35.457    parser_i/mdm_1/U0/Use_E2.BSCAN_I/Dbg_Update_0
    BUFGCTRL_X0Y2        BUFG (Prop_bufg_I_O)         0.091    35.548 r  parser_i/mdm_1/U0/Use_E2.BSCAN_I/Dbg_Update_0_BUFG_inst/O
                         net (fo=39, routed)          1.811    37.359    parser_i/microblaze_0/U0/MicroBlaze_Core_I/Performance.Core/Use_Debug_Logic.Master_Core.Debug_Perf/Dbg_Update
    SLICE_X14Y83         FDRE                                         r  parser_i/microblaze_0/U0/MicroBlaze_Core_I/Performance.Core/Use_Debug_Logic.Master_Core.Debug_Perf/Serial_Dbg_Intf.control_reg_reg[5]/C
                         clock pessimism              0.430    37.790    
                         clock uncertainty           -0.035    37.754    
    SLICE_X14Y83         FDRE (Setup_fdre_C_CE)      -0.376    37.378    parser_i/microblaze_0/U0/MicroBlaze_Core_I/Performance.Core/Use_Debug_Logic.Master_Core.Debug_Perf/Serial_Dbg_Intf.control_reg_reg[5]
  -------------------------------------------------------------------
                         required time                         37.378    
                         arrival time                         -25.509    
  -------------------------------------------------------------------
                         slack                                 11.869    

Slack (MET) :             12.003ns  (required time - arrival time)
  Source:                 parser_i/mdm_1/U0/MDM_Core_I1/JTAG_CONTROL_I/Use_BSCAN.command_reg[3]/C
                            (falling edge-triggered cell FDRE clocked by parser_i/mdm_1/U0/Use_E2.BSCAN_I/Use_E2.BSCANE2_I/UPDATE  {rise@0.000ns fall@16.667ns period=33.333ns})
  Destination:            parser_i/microblaze_0/U0/MicroBlaze_Core_I/Performance.Core/Use_Debug_Logic.Master_Core.Debug_Perf/Serial_Dbg_Intf.single_Step_TClk_reg/CE
                            (rising edge-triggered cell FDCE clocked by parser_i/mdm_1/U0/Use_E2.BSCAN_I/Use_E2.BSCANE2_I/UPDATE  {rise@0.000ns fall@16.667ns period=33.333ns})
  Path Group:             parser_i/mdm_1/U0/Use_E2.BSCAN_I/Use_E2.BSCANE2_I/UPDATE
  Path Type:              Setup (Max at Slow Process Corner)
  Requirement:            16.667ns  (parser_i/mdm_1/U0/Use_E2.BSCAN_I/Use_E2.BSCANE2_I/UPDATE rise@33.333ns - parser_i/mdm_1/U0/Use_E2.BSCAN_I/Use_E2.BSCANE2_I/UPDATE fall@16.667ns)
  Data Path Delay:        4.184ns  (logic 1.090ns (26.050%)  route 3.094ns (73.950%))
  Logic Levels:           3  (LUT3=1 LUT4=1 LUT5=1)
  Clock Path Skew:        -0.032ns (DCD - SCD + CPR)
    Destination Clock Delay (DCD):    4.026ns = ( 37.359 - 33.333 ) 
    Source Clock Delay      (SCD):    4.503ns = ( 21.169 - 16.667 ) 
    Clock Pessimism Removal (CPR):    0.444ns
  Clock Uncertainty:      0.035ns  ((TSJ^2 + TIJ^2)^1/2 + DJ) / 2 + PE
    Total System Jitter     (TSJ):    0.071ns
    Total Input Jitter      (TIJ):    0.000ns
    Discrete Jitter          (DJ):    0.000ns
    Phase Error              (PE):    0.000ns

    Location             Delay type                Incr(ns)  Path(ns)    Netlist Resource(s)
  -------------------------------------------------------------------    -------------------
                         (clock parser_i/mdm_1/U0/Use_E2.BSCAN_I/Use_E2.BSCANE2_I/UPDATE fall edge)
                                                     16.667    16.667 f  
    BSCAN_X0Y1           BSCANE2                      0.000    16.667 f  parser_i/mdm_1/U0/Use_E2.BSCAN_I/Use_E2.BSCANE2_I/UPDATE
                         net (fo=1, routed)           2.461    19.128    parser_i/mdm_1/U0/Use_E2.BSCAN_I/Dbg_Update_0
    BUFGCTRL_X0Y2        BUFG (Prop_bufg_I_O)         0.096    19.224 f  parser_i/mdm_1/U0/Use_E2.BSCAN_I/Dbg_Update_0_BUFG_inst/O
                         net (fo=39, routed)          1.945    21.169    parser_i/mdm_1/U0/MDM_Core_I1/JTAG_CONTROL_I/CLK
    SLICE_X17Y94         FDRE                                         r  parser_i/mdm_1/U0/MDM_Core_I1/JTAG_CONTROL_I/Use_BSCAN.command_reg[3]/C  (IS_INVERTED)
  -------------------------------------------------------------------    -------------------
    SLICE_X17Y94         FDRE (Prop_fdre_C_Q)         0.459    21.628 f  parser_i/mdm_1/U0/MDM_Core_I1/JTAG_CONTROL_I/Use_BSCAN.command_reg[3]/Q
                         net (fo=6, routed)           0.848    22.476    parser_i/mdm_1/U0/MDM_Core_I1/JTAG_CONTROL_I/Use_BSCAN.FDC_I/command[3]
    SLICE_X18Y93         LUT3 (Prop_lut3_I2_O)        0.150    22.626 f  parser_i/mdm_1/U0/MDM_Core_I1/JTAG_CONTROL_I/Use_BSCAN.FDC_I/Dbg_Reg_En_0[3]_INST_0/O
                         net (fo=2, routed)           0.674    23.299    parser_i/microblaze_0/U0/MicroBlaze_Core_I/Performance.Core/Use_Debug_Logic.Master_Core.Debug_Perf/Dbg_Reg_En[3]
    SLICE_X19Y93         LUT4 (Prop_lut4_I3_O)        0.328    23.627 f  parser_i/microblaze_0/U0/MicroBlaze_Core_I/Performance.Core/Use_Debug_Logic.Master_Core.Debug_Perf/Dbg_TDO_INST_0_i_15/O
                         net (fo=7, routed)           0.689    24.317    parser_i/microblaze_0/U0/MicroBlaze_Core_I/Performance.Core/Use_Debug_Logic.Master_Core.Debug_Perf/Dbg_Reg_En_2_sn_1
    SLICE_X18Y91         LUT5 (Prop_lut5_I4_O)        0.153    24.470 r  parser_i/microblaze_0/U0/MicroBlaze_Core_I/Performance.Core/Use_Debug_Logic.Master_Core.Debug_Perf/Serial_Dbg_Intf.normal_stop_TClk_i_1/O
                         net (fo=8, routed)           0.884    25.354    parser_i/microblaze_0/U0/MicroBlaze_Core_I/Performance.Core/Use_Debug_Logic.Master_Core.Debug_Perf/Control_Reg_En
    SLICE_X17Y83         FDCE                                         r  parser_i/microblaze_0/U0/MicroBlaze_Core_I/Performance.Core/Use_Debug_Logic.Master_Core.Debug_Perf/Serial_Dbg_Intf.single_Step_TClk_reg/CE
  -------------------------------------------------------------------    -------------------

                         (clock parser_i/mdm_1/U0/Use_E2.BSCAN_I/Use_E2.BSCANE2_I/UPDATE rise edge)
                                                     33.333    33.333 r  
    BSCAN_X0Y1           BSCANE2                      0.000    33.333 r  parser_i/mdm_1/U0/Use_E2.BSCAN_I/Use_E2.BSCANE2_I/UPDATE
                         net (fo=1, routed)           2.124    35.457    parser_i/mdm_1/U0/Use_E2.BSCAN_I/Dbg_Update_0
    BUFGCTRL_X0Y2        BUFG (Prop_bufg_I_O)         0.091    35.548 r  parser_i/mdm_1/U0/Use_E2.BSCAN_I/Dbg_Update_0_BUFG_inst/O
                         net (fo=39, routed)          1.811    37.359    parser_i/microblaze_0/U0/MicroBlaze_Core_I/Performance.Core/Use_Debug_Logic.Master_Core.Debug_Perf/Dbg_Update
    SLICE_X17Y83         FDCE                                         r  parser_i/microblaze_0/U0/MicroBlaze_Core_I/Performance.Core/Use_Debug_Logic.Master_Core.Debug_Perf/Serial_Dbg_Intf.single_Step_TClk_reg/C
                         clock pessimism              0.444    37.804    
                         clock uncertainty           -0.035    37.768    
    SLICE_X17Y83         FDCE (Setup_fdce_C_CE)      -0.412    37.356    parser_i/microblaze_0/U0/MicroBlaze_Core_I/Performance.Core/Use_Debug_Logic.Master_Core.Debug_Perf/Serial_Dbg_Intf.single_Step_TClk_reg
  -------------------------------------------------------------------
                         required time                         37.356    
                         arrival time                         -25.354    
  -------------------------------------------------------------------
                         slack                                 12.003    

Slack (MET) :             12.039ns  (required time - arrival time)
  Source:                 parser_i/mdm_1/U0/MDM_Core_I1/JTAG_CONTROL_I/Use_BSCAN.command_reg[3]/C
                            (falling edge-triggered cell FDRE clocked by parser_i/mdm_1/U0/Use_E2.BSCAN_I/Use_E2.BSCANE2_I/UPDATE  {rise@0.000ns fall@16.667ns period=33.333ns})
  Destination:            parser_i/microblaze_0/U0/MicroBlaze_Core_I/Performance.Core/Use_Debug_Logic.Master_Core.Debug_Perf/Serial_Dbg_Intf.control_reg_reg[0]/CE
                            (rising edge-triggered cell FDRE clocked by parser_i/mdm_1/U0/Use_E2.BSCAN_I/Use_E2.BSCANE2_I/UPDATE  {rise@0.000ns fall@16.667ns period=33.333ns})
  Path Group:             parser_i/mdm_1/U0/Use_E2.BSCAN_I/Use_E2.BSCANE2_I/UPDATE
  Path Type:              Setup (Max at Slow Process Corner)
  Requirement:            16.667ns  (parser_i/mdm_1/U0/Use_E2.BSCAN_I/Use_E2.BSCANE2_I/UPDATE rise@33.333ns - parser_i/mdm_1/U0/Use_E2.BSCAN_I/Use_E2.BSCANE2_I/UPDATE fall@16.667ns)
  Data Path Delay:        4.184ns  (logic 1.090ns (26.050%)  route 3.094ns (73.950%))
  Logic Levels:           3  (LUT3=1 LUT4=1 LUT5=1)
  Clock Path Skew:        -0.032ns (DCD - SCD + CPR)
    Destination Clock Delay (DCD):    4.026ns = ( 37.359 - 33.333 ) 
    Source Clock Delay      (SCD):    4.503ns = ( 21.169 - 16.667 ) 
    Clock Pessimism Removal (CPR):    0.444ns
  Clock Uncertainty:      0.035ns  ((TSJ^2 + TIJ^2)^1/2 + DJ) / 2 + PE
    Total System Jitter     (TSJ):    0.071ns
    Total Input Jitter      (TIJ):    0.000ns
    Discrete Jitter          (DJ):    0.000ns
    Phase Error              (PE):    0.000ns

    Location             Delay type                Incr(ns)  Path(ns)    Netlist Resource(s)
  -------------------------------------------------------------------    -------------------
                         (clock parser_i/mdm_1/U0/Use_E2.BSCAN_I/Use_E2.BSCANE2_I/UPDATE fall edge)
                                                     16.667    16.667 f  
    BSCAN_X0Y1           BSCANE2                      0.000    16.667 f  parser_i/mdm_1/U0/Use_E2.BSCAN_I/Use_E2.BSCANE2_I/UPDATE
                         net (fo=1, routed)           2.461    19.128    parser_i/mdm_1/U0/Use_E2.BSCAN_I/Dbg_Update_0
    BUFGCTRL_X0Y2        BUFG (Prop_bufg_I_O)         0.096    19.224 f  parser_i/mdm_1/U0/Use_E2.BSCAN_I/Dbg_Update_0_BUFG_inst/O
                         net (fo=39, routed)          1.945    21.169    parser_i/mdm_1/U0/MDM_Core_I1/JTAG_CONTROL_I/CLK
    SLICE_X17Y94         FDRE                                         r  parser_i/mdm_1/U0/MDM_Core_I1/JTAG_CONTROL_I/Use_BSCAN.command_reg[3]/C  (IS_INVERTED)
  -------------------------------------------------------------------    -------------------
    SLICE_X17Y94         FDRE (Prop_fdre_C_Q)         0.459    21.628 f  parser_i/mdm_1/U0/MDM_Core_I1/JTAG_CONTROL_I/Use_BSCAN.command_reg[3]/Q
                         net (fo=6, routed)           0.848    22.476    parser_i/mdm_1/U0/MDM_Core_I1/JTAG_CONTROL_I/Use_BSCAN.FDC_I/command[3]
    SLICE_X18Y93         LUT3 (Prop_lut3_I2_O)        0.150    22.626 f  parser_i/mdm_1/U0/MDM_Core_I1/JTAG_CONTROL_I/Use_BSCAN.FDC_I/Dbg_Reg_En_0[3]_INST_0/O
                         net (fo=2, routed)           0.674    23.299    parser_i/microblaze_0/U0/MicroBlaze_Core_I/Performance.Core/Use_Debug_Logic.Master_Core.Debug_Perf/Dbg_Reg_En[3]
    SLICE_X19Y93         LUT4 (Prop_lut4_I3_O)        0.328    23.627 f  parser_i/microblaze_0/U0/MicroBlaze_Core_I/Performance.Core/Use_Debug_Logic.Master_Core.Debug_Perf/Dbg_TDO_INST_0_i_15/O
                         net (fo=7, routed)           0.689    24.317    parser_i/microblaze_0/U0/MicroBlaze_Core_I/Performance.Core/Use_Debug_Logic.Master_Core.Debug_Perf/Dbg_Reg_En_2_sn_1
    SLICE_X18Y91         LUT5 (Prop_lut5_I4_O)        0.153    24.470 r  parser_i/microblaze_0/U0/MicroBlaze_Core_I/Performance.Core/Use_Debug_Logic.Master_Core.Debug_Perf/Serial_Dbg_Intf.normal_stop_TClk_i_1/O
                         net (fo=8, routed)           0.884    25.354    parser_i/microblaze_0/U0/MicroBlaze_Core_I/Performance.Core/Use_Debug_Logic.Master_Core.Debug_Perf/Control_Reg_En
    SLICE_X16Y83         FDRE                                         r  parser_i/microblaze_0/U0/MicroBlaze_Core_I/Performance.Core/Use_Debug_Logic.Master_Core.Debug_Perf/Serial_Dbg_Intf.control_reg_reg[0]/CE
  -------------------------------------------------------------------    -------------------

                         (clock parser_i/mdm_1/U0/Use_E2.BSCAN_I/Use_E2.BSCANE2_I/UPDATE rise edge)
                                                     33.333    33.333 r  
    BSCAN_X0Y1           BSCANE2                      0.000    33.333 r  parser_i/mdm_1/U0/Use_E2.BSCAN_I/Use_E2.BSCANE2_I/UPDATE
                         net (fo=1, routed)           2.124    35.457    parser_i/mdm_1/U0/Use_E2.BSCAN_I/Dbg_Update_0
    BUFGCTRL_X0Y2        BUFG (Prop_bufg_I_O)         0.091    35.548 r  parser_i/mdm_1/U0/Use_E2.BSCAN_I/Dbg_Update_0_BUFG_inst/O
                         net (fo=39, routed)          1.811    37.359    parser_i/microblaze_0/U0/MicroBlaze_Core_I/Performance.Core/Use_Debug_Logic.Master_Core.Debug_Perf/Dbg_Update
    SLICE_X16Y83         FDRE                                         r  parser_i/microblaze_0/U0/MicroBlaze_Core_I/Performance.Core/Use_Debug_Logic.Master_Core.Debug_Perf/Serial_Dbg_Intf.control_reg_reg[0]/C
                         clock pessimism              0.444    37.804    
                         clock uncertainty           -0.035    37.768    
    SLICE_X16Y83         FDRE (Setup_fdre_C_CE)      -0.376    37.392    parser_i/microblaze_0/U0/MicroBlaze_Core_I/Performance.Core/Use_Debug_Logic.Master_Core.Debug_Perf/Serial_Dbg_Intf.control_reg_reg[0]
  -------------------------------------------------------------------
                         required time                         37.392    
                         arrival time                         -25.354    
  -------------------------------------------------------------------
                         slack                                 12.039    

Slack (MET) :             12.039ns  (required time - arrival time)
  Source:                 parser_i/mdm_1/U0/MDM_Core_I1/JTAG_CONTROL_I/Use_BSCAN.command_reg[3]/C
                            (falling edge-triggered cell FDRE clocked by parser_i/mdm_1/U0/Use_E2.BSCAN_I/Use_E2.BSCANE2_I/UPDATE  {rise@0.000ns fall@16.667ns period=33.333ns})
  Destination:            parser_i/microblaze_0/U0/MicroBlaze_Core_I/Performance.Core/Use_Debug_Logic.Master_Core.Debug_Perf/Serial_Dbg_Intf.control_reg_reg[8]/CE
                            (rising edge-triggered cell FDRE clocked by parser_i/mdm_1/U0/Use_E2.BSCAN_I/Use_E2.BSCANE2_I/UPDATE  {rise@0.000ns fall@16.667ns period=33.333ns})
  Path Group:             parser_i/mdm_1/U0/Use_E2.BSCAN_I/Use_E2.BSCANE2_I/UPDATE
  Path Type:              Setup (Max at Slow Process Corner)
  Requirement:            16.667ns  (parser_i/mdm_1/U0/Use_E2.BSCAN_I/Use_E2.BSCANE2_I/UPDATE rise@33.333ns - parser_i/mdm_1/U0/Use_E2.BSCAN_I/Use_E2.BSCANE2_I/UPDATE fall@16.667ns)
  Data Path Delay:        4.184ns  (logic 1.090ns (26.050%)  route 3.094ns (73.950%))
  Logic Levels:           3  (LUT3=1 LUT4=1 LUT5=1)
  Clock Path Skew:        -0.032ns (DCD - SCD + CPR)
    Destination Clock Delay (DCD):    4.026ns = ( 37.359 - 33.333 ) 
    Source Clock Delay      (SCD):    4.503ns = ( 21.169 - 16.667 ) 
    Clock Pessimism Removal (CPR):    0.444ns
  Clock Uncertainty:      0.035ns  ((TSJ^2 + TIJ^2)^1/2 + DJ) / 2 + PE
    Total System Jitter     (TSJ):    0.071ns
    Total Input Jitter      (TIJ):    0.000ns
    Discrete Jitter          (DJ):    0.000ns
    Phase Error              (PE):    0.000ns

    Location             Delay type                Incr(ns)  Path(ns)    Netlist Resource(s)
  -------------------------------------------------------------------    -------------------
                         (clock parser_i/mdm_1/U0/Use_E2.BSCAN_I/Use_E2.BSCANE2_I/UPDATE fall edge)
                                                     16.667    16.667 f  
    BSCAN_X0Y1           BSCANE2                      0.000    16.667 f  parser_i/mdm_1/U0/Use_E2.BSCAN_I/Use_E2.BSCANE2_I/UPDATE
                         net (fo=1, routed)           2.461    19.128    parser_i/mdm_1/U0/Use_E2.BSCAN_I/Dbg_Update_0
    BUFGCTRL_X0Y2        BUFG (Prop_bufg_I_O)         0.096    19.224 f  parser_i/mdm_1/U0/Use_E2.BSCAN_I/Dbg_Update_0_BUFG_inst/O
                         net (fo=39, routed)          1.945    21.169    parser_i/mdm_1/U0/MDM_Core_I1/JTAG_CONTROL_I/CLK
    SLICE_X17Y94         FDRE                                         r  parser_i/mdm_1/U0/MDM_Core_I1/JTAG_CONTROL_I/Use_BSCAN.command_reg[3]/C  (IS_INVERTED)
  -------------------------------------------------------------------    -------------------
    SLICE_X17Y94         FDRE (Prop_fdre_C_Q)         0.459    21.628 f  parser_i/mdm_1/U0/MDM_Core_I1/JTAG_CONTROL_I/Use_BSCAN.command_reg[3]/Q
                         net (fo=6, routed)           0.848    22.476    parser_i/mdm_1/U0/MDM_Core_I1/JTAG_CONTROL_I/Use_BSCAN.FDC_I/command[3]
    SLICE_X18Y93         LUT3 (Prop_lut3_I2_O)        0.150    22.626 f  parser_i/mdm_1/U0/MDM_Core_I1/JTAG_CONTROL_I/Use_BSCAN.FDC_I/Dbg_Reg_En_0[3]_INST_0/O
                         net (fo=2, routed)           0.674    23.299    parser_i/microblaze_0/U0/MicroBlaze_Core_I/Performance.Core/Use_Debug_Logic.Master_Core.Debug_Perf/Dbg_Reg_En[3]
    SLICE_X19Y93         LUT4 (Prop_lut4_I3_O)        0.328    23.627 f  parser_i/microblaze_0/U0/MicroBlaze_Core_I/Performance.Core/Use_Debug_Logic.Master_Core.Debug_Perf/Dbg_TDO_INST_0_i_15/O
                         net (fo=7, routed)           0.689    24.317    parser_i/microblaze_0/U0/MicroBlaze_Core_I/Performance.Core/Use_Debug_Logic.Master_Core.Debug_Perf/Dbg_Reg_En_2_sn_1
    SLICE_X18Y91         LUT5 (Prop_lut5_I4_O)        0.153    24.470 r  parser_i/microblaze_0/U0/MicroBlaze_Core_I/Performance.Core/Use_Debug_Logic.Master_Core.Debug_Perf/Serial_Dbg_Intf.normal_stop_TClk_i_1/O
                         net (fo=8, routed)           0.884    25.354    parser_i/microblaze_0/U0/MicroBlaze_Core_I/Performance.Core/Use_Debug_Logic.Master_Core.Debug_Perf/Control_Reg_En
    SLICE_X16Y83         FDRE                                         r  parser_i/microblaze_0/U0/MicroBlaze_Core_I/Performance.Core/Use_Debug_Logic.Master_Core.Debug_Perf/Serial_Dbg_Intf.control_reg_reg[8]/CE
  -------------------------------------------------------------------    -------------------

                         (clock parser_i/mdm_1/U0/Use_E2.BSCAN_I/Use_E2.BSCANE2_I/UPDATE rise edge)
                                                     33.333    33.333 r  
    BSCAN_X0Y1           BSCANE2                      0.000    33.333 r  parser_i/mdm_1/U0/Use_E2.BSCAN_I/Use_E2.BSCANE2_I/UPDATE
                         net (fo=1, routed)           2.124    35.457    parser_i/mdm_1/U0/Use_E2.BSCAN_I/Dbg_Update_0
    BUFGCTRL_X0Y2        BUFG (Prop_bufg_I_O)         0.091    35.548 r  parser_i/mdm_1/U0/Use_E2.BSCAN_I/Dbg_Update_0_BUFG_inst/O
                         net (fo=39, routed)          1.811    37.359    parser_i/microblaze_0/U0/MicroBlaze_Core_I/Performance.Core/Use_Debug_Logic.Master_Core.Debug_Perf/Dbg_Update
    SLICE_X16Y83         FDRE                                         r  parser_i/microblaze_0/U0/MicroBlaze_Core_I/Performance.Core/Use_Debug_Logic.Master_Core.Debug_Perf/Serial_Dbg_Intf.control_reg_reg[8]/C
                         clock pessimism              0.444    37.804    
                         clock uncertainty           -0.035    37.768    
    SLICE_X16Y83         FDRE (Setup_fdre_C_CE)      -0.376    37.392    parser_i/microblaze_0/U0/MicroBlaze_Core_I/Performance.Core/Use_Debug_Logic.Master_Core.Debug_Perf/Serial_Dbg_Intf.control_reg_reg[8]
  -------------------------------------------------------------------
                         required time                         37.392    
                         arrival time                         -25.354    
  -------------------------------------------------------------------
                         slack                                 12.039    

Slack (MET) :             12.159ns  (required time - arrival time)
  Source:                 parser_i/mdm_1/U0/MDM_Core_I1/JTAG_CONTROL_I/Use_BSCAN.command_reg[3]/C
                            (falling edge-triggered cell FDRE clocked by parser_i/mdm_1/U0/Use_E2.BSCAN_I/Use_E2.BSCANE2_I/UPDATE  {rise@0.000ns fall@16.667ns period=33.333ns})
  Destination:            parser_i/microblaze_0/U0/MicroBlaze_Core_I/Performance.Core/Use_Debug_Logic.Master_Core.Debug_Perf/Serial_Dbg_Intf.continue_from_brk_TClk_reg/CE
                            (rising edge-triggered cell FDCE clocked by parser_i/mdm_1/U0/Use_E2.BSCAN_I/Use_E2.BSCANE2_I/UPDATE  {rise@0.000ns fall@16.667ns period=33.333ns})
  Path Group:             parser_i/mdm_1/U0/Use_E2.BSCAN_I/Use_E2.BSCANE2_I/UPDATE
  Path Type:              Setup (Max at Slow Process Corner)
  Requirement:            16.667ns  (parser_i/mdm_1/U0/Use_E2.BSCAN_I/Use_E2.BSCANE2_I/UPDATE rise@33.333ns - parser_i/mdm_1/U0/Use_E2.BSCAN_I/Use_E2.BSCANE2_I/UPDATE fall@16.667ns)
  Data Path Delay:        4.052ns  (logic 1.090ns (26.902%)  route 2.962ns (73.098%))
  Logic Levels:           3  (LUT3=1 LUT4=1 LUT5=1)
  Clock Path Skew:        -0.044ns (DCD - SCD + CPR)
    Destination Clock Delay (DCD):    4.028ns = ( 37.361 - 33.333 ) 
    Source Clock Delay      (SCD):    4.503ns = ( 21.169 - 16.667 ) 
    Clock Pessimism Removal (CPR):    0.430ns
  Clock Uncertainty:      0.035ns  ((TSJ^2 + TIJ^2)^1/2 + DJ) / 2 + PE
    Total System Jitter     (TSJ):    0.071ns
    Total Input Jitter      (TIJ):    0.000ns
    Discrete Jitter          (DJ):    0.000ns
    Phase Error              (PE):    0.000ns

    Location             Delay type                Incr(ns)  Path(ns)    Netlist Resource(s)
  -------------------------------------------------------------------    -------------------
                         (clock parser_i/mdm_1/U0/Use_E2.BSCAN_I/Use_E2.BSCANE2_I/UPDATE fall edge)
                                                     16.667    16.667 f  
    BSCAN_X0Y1           BSCANE2                      0.000    16.667 f  parser_i/mdm_1/U0/Use_E2.BSCAN_I/Use_E2.BSCANE2_I/UPDATE
                         net (fo=1, routed)           2.461    19.128    parser_i/mdm_1/U0/Use_E2.BSCAN_I/Dbg_Update_0
    BUFGCTRL_X0Y2        BUFG (Prop_bufg_I_O)         0.096    19.224 f  parser_i/mdm_1/U0/Use_E2.BSCAN_I/Dbg_Update_0_BUFG_inst/O
                         net (fo=39, routed)          1.945    21.169    parser_i/mdm_1/U0/MDM_Core_I1/JTAG_CONTROL_I/CLK
    SLICE_X17Y94         FDRE                                         r  parser_i/mdm_1/U0/MDM_Core_I1/JTAG_CONTROL_I/Use_BSCAN.command_reg[3]/C  (IS_INVERTED)
  -------------------------------------------------------------------    -------------------
    SLICE_X17Y94         FDRE (Prop_fdre_C_Q)         0.459    21.628 f  parser_i/mdm_1/U0/MDM_Core_I1/JTAG_CONTROL_I/Use_BSCAN.command_reg[3]/Q
                         net (fo=6, routed)           0.848    22.476    parser_i/mdm_1/U0/MDM_Core_I1/JTAG_CONTROL_I/Use_BSCAN.FDC_I/command[3]
    SLICE_X18Y93         LUT3 (Prop_lut3_I2_O)        0.150    22.626 f  parser_i/mdm_1/U0/MDM_Core_I1/JTAG_CONTROL_I/Use_BSCAN.FDC_I/Dbg_Reg_En_0[3]_INST_0/O
                         net (fo=2, routed)           0.674    23.299    parser_i/microblaze_0/U0/MicroBlaze_Core_I/Performance.Core/Use_Debug_Logic.Master_Core.Debug_Perf/Dbg_Reg_En[3]
    SLICE_X19Y93         LUT4 (Prop_lut4_I3_O)        0.328    23.627 f  parser_i/microblaze_0/U0/MicroBlaze_Core_I/Performance.Core/Use_Debug_Logic.Master_Core.Debug_Perf/Dbg_TDO_INST_0_i_15/O
                         net (fo=7, routed)           0.689    24.317    parser_i/microblaze_0/U0/MicroBlaze_Core_I/Performance.Core/Use_Debug_Logic.Master_Core.Debug_Perf/Dbg_Reg_En_2_sn_1
    SLICE_X18Y91         LUT5 (Prop_lut5_I4_O)        0.153    24.470 r  parser_i/microblaze_0/U0/MicroBlaze_Core_I/Performance.Core/Use_Debug_Logic.Master_Core.Debug_Perf/Serial_Dbg_Intf.normal_stop_TClk_i_1/O
                         net (fo=8, routed)           0.751    25.221    parser_i/microblaze_0/U0/MicroBlaze_Core_I/Performance.Core/Use_Debug_Logic.Master_Core.Debug_Perf/Control_Reg_En
    SLICE_X14Y85         FDCE                                         r  parser_i/microblaze_0/U0/MicroBlaze_Core_I/Performance.Core/Use_Debug_Logic.Master_Core.Debug_Perf/Serial_Dbg_Intf.continue_from_brk_TClk_reg/CE
  -------------------------------------------------------------------    -------------------

                         (clock parser_i/mdm_1/U0/Use_E2.BSCAN_I/Use_E2.BSCANE2_I/UPDATE rise edge)
                                                     33.333    33.333 r  
    BSCAN_X0Y1           BSCANE2                      0.000    33.333 r  parser_i/mdm_1/U0/Use_E2.BSCAN_I/Use_E2.BSCANE2_I/UPDATE
                         net (fo=1, routed)           2.124    35.457    parser_i/mdm_1/U0/Use_E2.BSCAN_I/Dbg_Update_0
    BUFGCTRL_X0Y2        BUFG (Prop_bufg_I_O)         0.091    35.548 r  parser_i/mdm_1/U0/Use_E2.BSCAN_I/Dbg_Update_0_BUFG_inst/O
                         net (fo=39, routed)          1.813    37.361    parser_i/microblaze_0/U0/MicroBlaze_Core_I/Performance.Core/Use_Debug_Logic.Master_Core.Debug_Perf/Dbg_Update
    SLICE_X14Y85         FDCE                                         r  parser_i/microblaze_0/U0/MicroBlaze_Core_I/Performance.Core/Use_Debug_Logic.Master_Core.Debug_Perf/Serial_Dbg_Intf.continue_from_brk_TClk_reg/C
                         clock pessimism              0.430    37.792    
                         clock uncertainty           -0.035    37.756    
    SLICE_X14Y85         FDCE (Setup_fdce_C_CE)      -0.376    37.380    parser_i/microblaze_0/U0/MicroBlaze_Core_I/Performance.Core/Use_Debug_Logic.Master_Core.Debug_Perf/Serial_Dbg_Intf.continue_from_brk_TClk_reg
  -------------------------------------------------------------------
                         required time                         37.380    
                         arrival time                         -25.221    
  -------------------------------------------------------------------
                         slack                                 12.159    

Slack (MET) :             12.193ns  (required time - arrival time)
  Source:                 parser_i/mdm_1/U0/MDM_Core_I1/JTAG_CONTROL_I/Use_BSCAN.command_reg[3]/C
                            (falling edge-triggered cell FDRE clocked by parser_i/mdm_1/U0/Use_E2.BSCAN_I/Use_E2.BSCANE2_I/UPDATE  {rise@0.000ns fall@16.667ns period=33.333ns})
  Destination:            parser_i/microblaze_0/U0/MicroBlaze_Core_I/Performance.Core/Use_Debug_Logic.Master_Core.Debug_Perf/Serial_Dbg_Intf.normal_stop_TClk_reg/CE
                            (rising edge-triggered cell FDCE clocked by parser_i/mdm_1/U0/Use_E2.BSCAN_I/Use_E2.BSCANE2_I/UPDATE  {rise@0.000ns fall@16.667ns period=33.333ns})
  Path Group:             parser_i/mdm_1/U0/Use_E2.BSCAN_I/Use_E2.BSCANE2_I/UPDATE
  Path Type:              Setup (Max at Slow Process Corner)
  Requirement:            16.667ns  (parser_i/mdm_1/U0/Use_E2.BSCAN_I/Use_E2.BSCANE2_I/UPDATE rise@33.333ns - parser_i/mdm_1/U0/Use_E2.BSCAN_I/Use_E2.BSCANE2_I/UPDATE fall@16.667ns)
  Data Path Delay:        4.032ns  (logic 1.090ns (27.033%)  route 2.942ns (72.967%))
  Logic Levels:           3  (LUT3=1 LUT4=1 LUT5=1)
  Clock Path Skew:        -0.030ns (DCD - SCD + CPR)
    Destination Clock Delay (DCD):    4.028ns = ( 37.361 - 33.333 ) 
    Source Clock Delay      (SCD):    4.503ns = ( 21.169 - 16.667 ) 
    Clock Pessimism Removal (CPR):    0.444ns
  Clock Uncertainty:      0.035ns  ((TSJ^2 + TIJ^2)^1/2 + DJ) / 2 + PE
    Total System Jitter     (TSJ):    0.071ns
    Total Input Jitter      (TIJ):    0.000ns
    Discrete Jitter          (DJ):    0.000ns
    Phase Error              (PE):    0.000ns

    Location             Delay type                Incr(ns)  Path(ns)    Netlist Resource(s)
  -------------------------------------------------------------------    -------------------
                         (clock parser_i/mdm_1/U0/Use_E2.BSCAN_I/Use_E2.BSCANE2_I/UPDATE fall edge)
                                                     16.667    16.667 f  
    BSCAN_X0Y1           BSCANE2                      0.000    16.667 f  parser_i/mdm_1/U0/Use_E2.BSCAN_I/Use_E2.BSCANE2_I/UPDATE
                         net (fo=1, routed)           2.461    19.128    parser_i/mdm_1/U0/Use_E2.BSCAN_I/Dbg_Update_0
    BUFGCTRL_X0Y2        BUFG (Prop_bufg_I_O)         0.096    19.224 f  parser_i/mdm_1/U0/Use_E2.BSCAN_I/Dbg_Update_0_BUFG_inst/O
                         net (fo=39, routed)          1.945    21.169    parser_i/mdm_1/U0/MDM_Core_I1/JTAG_CONTROL_I/CLK
    SLICE_X17Y94         FDRE                                         r  parser_i/mdm_1/U0/MDM_Core_I1/JTAG_CONTROL_I/Use_BSCAN.command_reg[3]/C  (IS_INVERTED)
  -------------------------------------------------------------------    -------------------
    SLICE_X17Y94         FDRE (Prop_fdre_C_Q)         0.459    21.628 f  parser_i/mdm_1/U0/MDM_Core_I1/JTAG_CONTROL_I/Use_BSCAN.command_reg[3]/Q
                         net (fo=6, routed)           0.848    22.476    parser_i/mdm_1/U0/MDM_Core_I1/JTAG_CONTROL_I/Use_BSCAN.FDC_I/command[3]
    SLICE_X18Y93         LUT3 (Prop_lut3_I2_O)        0.150    22.626 f  parser_i/mdm_1/U0/MDM_Core_I1/JTAG_CONTROL_I/Use_BSCAN.FDC_I/Dbg_Reg_En_0[3]_INST_0/O
                         net (fo=2, routed)           0.674    23.299    parser_i/microblaze_0/U0/MicroBlaze_Core_I/Performance.Core/Use_Debug_Logic.Master_Core.Debug_Perf/Dbg_Reg_En[3]
    SLICE_X19Y93         LUT4 (Prop_lut4_I3_O)        0.328    23.627 f  parser_i/microblaze_0/U0/MicroBlaze_Core_I/Performance.Core/Use_Debug_Logic.Master_Core.Debug_Perf/Dbg_TDO_INST_0_i_15/O
                         net (fo=7, routed)           0.689    24.317    parser_i/microblaze_0/U0/MicroBlaze_Core_I/Performance.Core/Use_Debug_Logic.Master_Core.Debug_Perf/Dbg_Reg_En_2_sn_1
    SLICE_X18Y91         LUT5 (Prop_lut5_I4_O)        0.153    24.470 r  parser_i/microblaze_0/U0/MicroBlaze_Core_I/Performance.Core/Use_Debug_Logic.Master_Core.Debug_Perf/Serial_Dbg_Intf.normal_stop_TClk_i_1/O
                         net (fo=8, routed)           0.732    25.201    parser_i/microblaze_0/U0/MicroBlaze_Core_I/Performance.Core/Use_Debug_Logic.Master_Core.Debug_Perf/Control_Reg_En
    SLICE_X16Y85         FDCE                                         r  parser_i/microblaze_0/U0/MicroBlaze_Core_I/Performance.Core/Use_Debug_Logic.Master_Core.Debug_Perf/Serial_Dbg_Intf.normal_stop_TClk_reg/CE
  -------------------------------------------------------------------    -------------------

                         (clock parser_i/mdm_1/U0/Use_E2.BSCAN_I/Use_E2.BSCANE2_I/UPDATE rise edge)
                                                     33.333    33.333 r  
    BSCAN_X0Y1           BSCANE2                      0.000    33.333 r  parser_i/mdm_1/U0/Use_E2.BSCAN_I/Use_E2.BSCANE2_I/UPDATE
                         net (fo=1, routed)           2.124    35.457    parser_i/mdm_1/U0/Use_E2.BSCAN_I/Dbg_Update_0
    BUFGCTRL_X0Y2        BUFG (Prop_bufg_I_O)         0.091    35.548 r  parser_i/mdm_1/U0/Use_E2.BSCAN_I/Dbg_Update_0_BUFG_inst/O
                         net (fo=39, routed)          1.813    37.361    parser_i/microblaze_0/U0/MicroBlaze_Core_I/Performance.Core/Use_Debug_Logic.Master_Core.Debug_Perf/Dbg_Update
    SLICE_X16Y85         FDCE                                         r  parser_i/microblaze_0/U0/MicroBlaze_Core_I/Performance.Core/Use_Debug_Logic.Master_Core.Debug_Perf/Serial_Dbg_Intf.normal_stop_TClk_reg/C
                         clock pessimism              0.444    37.806    
                         clock uncertainty           -0.035    37.770    
    SLICE_X16Y85         FDCE (Setup_fdce_C_CE)      -0.376    37.394    parser_i/microblaze_0/U0/MicroBlaze_Core_I/Performance.Core/Use_Debug_Logic.Master_Core.Debug_Perf/Serial_Dbg_Intf.normal_stop_TClk_reg
  -------------------------------------------------------------------
                         required time                         37.394    
                         arrival time                         -25.201    
  -------------------------------------------------------------------
                         slack                                 12.193    

Slack (MET) :             12.593ns  (required time - arrival time)
  Source:                 parser_i/mdm_1/U0/MDM_Core_I1/JTAG_CONTROL_I/Use_BSCAN.command_reg[3]/C
                            (falling edge-triggered cell FDRE clocked by parser_i/mdm_1/U0/Use_E2.BSCAN_I/Use_E2.BSCANE2_I/UPDATE  {rise@0.000ns fall@16.667ns period=33.333ns})
  Destination:            parser_i/microblaze_0/U0/MicroBlaze_Core_I/Performance.Core/Use_Debug_Logic.Master_Core.Debug_Perf/Serial_Dbg_Intf.command_reg_reg[0]/CE
                            (rising edge-triggered cell FDCE clocked by parser_i/mdm_1/U0/Use_E2.BSCAN_I/Use_E2.BSCANE2_I/UPDATE  {rise@0.000ns fall@16.667ns period=33.333ns})
  Path Group:             parser_i/mdm_1/U0/Use_E2.BSCAN_I/Use_E2.BSCANE2_I/UPDATE
  Path Type:              Setup (Max at Slow Process Corner)
  Requirement:            16.667ns  (parser_i/mdm_1/U0/Use_E2.BSCAN_I/Use_E2.BSCANE2_I/UPDATE rise@33.333ns - parser_i/mdm_1/U0/Use_E2.BSCAN_I/Use_E2.BSCANE2_I/UPDATE fall@16.667ns)
  Data Path Delay:        3.790ns  (logic 1.061ns (27.996%)  route 2.729ns (72.004%))
  Logic Levels:           3  (LUT3=1 LUT4=1 LUT5=1)
  Clock Path Skew:        -0.043ns (DCD - SCD + CPR)
    Destination Clock Delay (DCD):    4.029ns = ( 37.362 - 33.333 ) 
    Source Clock Delay      (SCD):    4.503ns = ( 21.169 - 16.667 ) 
    Clock Pessimism Removal (CPR):    0.430ns
  Clock Uncertainty:      0.035ns  ((TSJ^2 + TIJ^2)^1/2 + DJ) / 2 + PE
    Total System Jitter     (TSJ):    0.071ns
    Total Input Jitter      (TIJ):    0.000ns
    Discrete Jitter          (DJ):    0.000ns
    Phase Error              (PE):    0.000ns

    Location             Delay type                Incr(ns)  Path(ns)    Netlist Resource(s)
  -------------------------------------------------------------------    -------------------
                         (clock parser_i/mdm_1/U0/Use_E2.BSCAN_I/Use_E2.BSCANE2_I/UPDATE fall edge)
                                                     16.667    16.667 f  
    BSCAN_X0Y1           BSCANE2                      0.000    16.667 f  parser_i/mdm_1/U0/Use_E2.BSCAN_I/Use_E2.BSCANE2_I/UPDATE
                         net (fo=1, routed)           2.461    19.128    parser_i/mdm_1/U0/Use_E2.BSCAN_I/Dbg_Update_0
    BUFGCTRL_X0Y2        BUFG (Prop_bufg_I_O)         0.096    19.224 f  parser_i/mdm_1/U0/Use_E2.BSCAN_I/Dbg_Update_0_BUFG_inst/O
                         net (fo=39, routed)          1.945    21.169    parser_i/mdm_1/U0/MDM_Core_I1/JTAG_CONTROL_I/CLK
    SLICE_X17Y94         FDRE                                         r  parser_i/mdm_1/U0/MDM_Core_I1/JTAG_CONTROL_I/Use_BSCAN.command_reg[3]/C  (IS_INVERTED)
  -------------------------------------------------------------------    -------------------
    SLICE_X17Y94         FDRE (Prop_fdre_C_Q)         0.459    21.628 f  parser_i/mdm_1/U0/MDM_Core_I1/JTAG_CONTROL_I/Use_BSCAN.command_reg[3]/Q
                         net (fo=6, routed)           0.848    22.476    parser_i/mdm_1/U0/MDM_Core_I1/JTAG_CONTROL_I/Use_BSCAN.FDC_I/command[3]
    SLICE_X18Y93         LUT3 (Prop_lut3_I2_O)        0.150    22.626 f  parser_i/mdm_1/U0/MDM_Core_I1/JTAG_CONTROL_I/Use_BSCAN.FDC_I/Dbg_Reg_En_0[3]_INST_0/O
                         net (fo=2, routed)           0.674    23.299    parser_i/microblaze_0/U0/MicroBlaze_Core_I/Performance.Core/Use_Debug_Logic.Master_Core.Debug_Perf/Dbg_Reg_En[3]
    SLICE_X19Y93         LUT4 (Prop_lut4_I3_O)        0.328    23.627 f  parser_i/microblaze_0/U0/MicroBlaze_Core_I/Performance.Core/Use_Debug_Logic.Master_Core.Debug_Perf/Dbg_TDO_INST_0_i_15/O
                         net (fo=7, routed)           0.689    24.317    parser_i/microblaze_0/U0/MicroBlaze_Core_I/Performance.Core/Use_Debug_Logic.Master_Core.Debug_Perf/Dbg_Reg_En_2_sn_1
    SLICE_X18Y91         LUT5 (Prop_lut5_I4_O)        0.124    24.441 r  parser_i/microblaze_0/U0/MicroBlaze_Core_I/Performance.Core/Use_Debug_Logic.Master_Core.Debug_Perf/Serial_Dbg_Intf.command_reg[0]_i_1/O
                         net (fo=2, routed)           0.518    24.959    parser_i/microblaze_0/U0/MicroBlaze_Core_I/Performance.Core/Use_Debug_Logic.Master_Core.Debug_Perf/Command_Reg_En
    SLICE_X13Y87         FDCE                                         r  parser_i/microblaze_0/U0/MicroBlaze_Core_I/Performance.Core/Use_Debug_Logic.Master_Core.Debug_Perf/Serial_Dbg_Intf.command_reg_reg[0]/CE
  -------------------------------------------------------------------    -------------------

                         (clock parser_i/mdm_1/U0/Use_E2.BSCAN_I/Use_E2.BSCANE2_I/UPDATE rise edge)
                                                     33.333    33.333 r  
    BSCAN_X0Y1           BSCANE2                      0.000    33.333 r  parser_i/mdm_1/U0/Use_E2.BSCAN_I/Use_E2.BSCANE2_I/UPDATE
                         net (fo=1, routed)           2.124    35.457    parser_i/mdm_1/U0/Use_E2.BSCAN_I/Dbg_Update_0
    BUFGCTRL_X0Y2        BUFG (Prop_bufg_I_O)         0.091    35.548 r  parser_i/mdm_1/U0/Use_E2.BSCAN_I/Dbg_Update_0_BUFG_inst/O
                         net (fo=39, routed)          1.814    37.362    parser_i/microblaze_0/U0/MicroBlaze_Core_I/Performance.Core/Use_Debug_Logic.Master_Core.Debug_Perf/Dbg_Update
    SLICE_X13Y87         FDCE                                         r  parser_i/microblaze_0/U0/MicroBlaze_Core_I/Performance.Core/Use_Debug_Logic.Master_Core.Debug_Perf/Serial_Dbg_Intf.command_reg_reg[0]/C
                         clock pessimism              0.430    37.793    
                         clock uncertainty           -0.035    37.757    
    SLICE_X13Y87         FDCE (Setup_fdce_C_CE)      -0.205    37.552    parser_i/microblaze_0/U0/MicroBlaze_Core_I/Performance.Core/Use_Debug_Logic.Master_Core.Debug_Perf/Serial_Dbg_Intf.command_reg_reg[0]
  -------------------------------------------------------------------
                         required time                         37.552    
                         arrival time                         -24.959    
  -------------------------------------------------------------------
                         slack                                 12.593    

Slack (MET) :             12.593ns  (required time - arrival time)
  Source:                 parser_i/mdm_1/U0/MDM_Core_I1/JTAG_CONTROL_I/Use_BSCAN.command_reg[3]/C
                            (falling edge-triggered cell FDRE clocked by parser_i/mdm_1/U0/Use_E2.BSCAN_I/Use_E2.BSCANE2_I/UPDATE  {rise@0.000ns fall@16.667ns period=33.333ns})
  Destination:            parser_i/microblaze_0/U0/MicroBlaze_Core_I/Performance.Core/Use_Debug_Logic.Master_Core.Debug_Perf/Serial_Dbg_Intf.command_reg_reg[1]/CE
                            (rising edge-triggered cell FDCE clocked by parser_i/mdm_1/U0/Use_E2.BSCAN_I/Use_E2.BSCANE2_I/UPDATE  {rise@0.000ns fall@16.667ns period=33.333ns})
  Path Group:             parser_i/mdm_1/U0/Use_E2.BSCAN_I/Use_E2.BSCANE2_I/UPDATE
  Path Type:              Setup (Max at Slow Process Corner)
  Requirement:            16.667ns  (parser_i/mdm_1/U0/Use_E2.BSCAN_I/Use_E2.BSCANE2_I/UPDATE rise@33.333ns - parser_i/mdm_1/U0/Use_E2.BSCAN_I/Use_E2.BSCANE2_I/UPDATE fall@16.667ns)
  Data Path Delay:        3.790ns  (logic 1.061ns (27.996%)  route 2.729ns (72.004%))
  Logic Levels:           3  (LUT3=1 LUT4=1 LUT5=1)
  Clock Path Skew:        -0.043ns (DCD - SCD + CPR)
    Destination Clock Delay (DCD):    4.029ns = ( 37.362 - 33.333 ) 
    Source Clock Delay      (SCD):    4.503ns = ( 21.169 - 16.667 ) 
    Clock Pessimism Removal (CPR):    0.430ns
  Clock Uncertainty:      0.035ns  ((TSJ^2 + TIJ^2)^1/2 + DJ) / 2 + PE
    Total System Jitter     (TSJ):    0.071ns
    Total Input Jitter      (TIJ):    0.000ns
    Discrete Jitter          (DJ):    0.000ns
    Phase Error              (PE):    0.000ns

    Location             Delay type                Incr(ns)  Path(ns)    Netlist Resource(s)
  -------------------------------------------------------------------    -------------------
                         (clock parser_i/mdm_1/U0/Use_E2.BSCAN_I/Use_E2.BSCANE2_I/UPDATE fall edge)
                                                     16.667    16.667 f  
    BSCAN_X0Y1           BSCANE2                      0.000    16.667 f  parser_i/mdm_1/U0/Use_E2.BSCAN_I/Use_E2.BSCANE2_I/UPDATE
                         net (fo=1, routed)           2.461    19.128    parser_i/mdm_1/U0/Use_E2.BSCAN_I/Dbg_Update_0
    BUFGCTRL_X0Y2        BUFG (Prop_bufg_I_O)         0.096    19.224 f  parser_i/mdm_1/U0/Use_E2.BSCAN_I/Dbg_Update_0_BUFG_inst/O
                         net (fo=39, routed)          1.945    21.169    parser_i/mdm_1/U0/MDM_Core_I1/JTAG_CONTROL_I/CLK
    SLICE_X17Y94         FDRE                                         r  parser_i/mdm_1/U0/MDM_Core_I1/JTAG_CONTROL_I/Use_BSCAN.command_reg[3]/C  (IS_INVERTED)
  -------------------------------------------------------------------    -------------------
    SLICE_X17Y94         FDRE (Prop_fdre_C_Q)         0.459    21.628 f  parser_i/mdm_1/U0/MDM_Core_I1/JTAG_CONTROL_I/Use_BSCAN.command_reg[3]/Q
                         net (fo=6, routed)           0.848    22.476    parser_i/mdm_1/U0/MDM_Core_I1/JTAG_CONTROL_I/Use_BSCAN.FDC_I/command[3]
    SLICE_X18Y93         LUT3 (Prop_lut3_I2_O)        0.150    22.626 f  parser_i/mdm_1/U0/MDM_Core_I1/JTAG_CONTROL_I/Use_BSCAN.FDC_I/Dbg_Reg_En_0[3]_INST_0/O
                         net (fo=2, routed)           0.674    23.299    parser_i/microblaze_0/U0/MicroBlaze_Core_I/Performance.Core/Use_Debug_Logic.Master_Core.Debug_Perf/Dbg_Reg_En[3]
    SLICE_X19Y93         LUT4 (Prop_lut4_I3_O)        0.328    23.627 f  parser_i/microblaze_0/U0/MicroBlaze_Core_I/Performance.Core/Use_Debug_Logic.Master_Core.Debug_Perf/Dbg_TDO_INST_0_i_15/O
                         net (fo=7, routed)           0.689    24.317    parser_i/microblaze_0/U0/MicroBlaze_Core_I/Performance.Core/Use_Debug_Logic.Master_Core.Debug_Perf/Dbg_Reg_En_2_sn_1
    SLICE_X18Y91         LUT5 (Prop_lut5_I4_O)        0.124    24.441 r  parser_i/microblaze_0/U0/MicroBlaze_Core_I/Performance.Core/Use_Debug_Logic.Master_Core.Debug_Perf/Serial_Dbg_Intf.command_reg[0]_i_1/O
                         net (fo=2, routed)           0.518    24.959    parser_i/microblaze_0/U0/MicroBlaze_Core_I/Performance.Core/Use_Debug_Logic.Master_Core.Debug_Perf/Command_Reg_En
    SLICE_X13Y87         FDCE                                         r  parser_i/microblaze_0/U0/MicroBlaze_Core_I/Performance.Core/Use_Debug_Logic.Master_Core.Debug_Perf/Serial_Dbg_Intf.command_reg_reg[1]/CE
  -------------------------------------------------------------------    -------------------

                         (clock parser_i/mdm_1/U0/Use_E2.BSCAN_I/Use_E2.BSCANE2_I/UPDATE rise edge)
                                                     33.333    33.333 r  
    BSCAN_X0Y1           BSCANE2                      0.000    33.333 r  parser_i/mdm_1/U0/Use_E2.BSCAN_I/Use_E2.BSCANE2_I/UPDATE
                         net (fo=1, routed)           2.124    35.457    parser_i/mdm_1/U0/Use_E2.BSCAN_I/Dbg_Update_0
    BUFGCTRL_X0Y2        BUFG (Prop_bufg_I_O)         0.091    35.548 r  parser_i/mdm_1/U0/Use_E2.BSCAN_I/Dbg_Update_0_BUFG_inst/O
                         net (fo=39, routed)          1.814    37.362    parser_i/microblaze_0/U0/MicroBlaze_Core_I/Performance.Core/Use_Debug_Logic.Master_Core.Debug_Perf/Dbg_Update
    SLICE_X13Y87         FDCE                                         r  parser_i/microblaze_0/U0/MicroBlaze_Core_I/Performance.Core/Use_Debug_Logic.Master_Core.Debug_Perf/Serial_Dbg_Intf.command_reg_reg[1]/C
                         clock pessimism              0.430    37.793    
                         clock uncertainty           -0.035    37.757    
    SLICE_X13Y87         FDCE (Setup_fdce_C_CE)      -0.205    37.552    parser_i/microblaze_0/U0/MicroBlaze_Core_I/Performance.Core/Use_Debug_Logic.Master_Core.Debug_Perf/Serial_Dbg_Intf.command_reg_reg[1]
  -------------------------------------------------------------------
                         required time                         37.552    
                         arrival time                         -24.959    
  -------------------------------------------------------------------
                         slack                                 12.593    





Min Delay Paths
--------------------------------------------------------------------------------------
Slack (MET) :             0.263ns  (arrival time - required time)
  Source:                 parser_i/mdm_1/U0/MDM_Core_I1/JTAG_CONTROL_I/Debug_Rst_i_reg/C
                            (rising edge-triggered cell FDRE clocked by parser_i/mdm_1/U0/Use_E2.BSCAN_I/Use_E2.BSCANE2_I/UPDATE  {rise@0.000ns fall@16.667ns period=33.333ns})
  Destination:            parser_i/mdm_1/U0/MDM_Core_I1/JTAG_CONTROL_I/Debug_Rst_i_reg/D
                            (rising edge-triggered cell FDRE clocked by parser_i/mdm_1/U0/Use_E2.BSCAN_I/Use_E2.BSCANE2_I/UPDATE  {rise@0.000ns fall@16.667ns period=33.333ns})
  Path Group:             parser_i/mdm_1/U0/Use_E2.BSCAN_I/Use_E2.BSCANE2_I/UPDATE
  Path Type:              Hold (Min at Fast Process Corner)
  Requirement:            0.000ns  (parser_i/mdm_1/U0/Use_E2.BSCAN_I/Use_E2.BSCANE2_I/UPDATE rise@0.000ns - parser_i/mdm_1/U0/Use_E2.BSCAN_I/Use_E2.BSCANE2_I/UPDATE rise@0.000ns)
  Data Path Delay:        0.354ns  (logic 0.186ns (52.498%)  route 0.168ns (47.502%))
  Logic Levels:           1  (LUT6=1)
  Clock Path Skew:        0.000ns (DCD - SCD - CPR)
    Destination Clock Delay (DCD):    2.197ns
    Source Clock Delay      (SCD):    1.772ns
    Clock Pessimism Removal (CPR):    0.425ns

    Location             Delay type                Incr(ns)  Path(ns)    Netlist Resource(s)
  -------------------------------------------------------------------    -------------------
                         (clock parser_i/mdm_1/U0/Use_E2.BSCAN_I/Use_E2.BSCANE2_I/UPDATE rise edge)
                                                      0.000     0.000 r  
    BSCAN_X0Y1           BSCANE2                      0.000     0.000 r  parser_i/mdm_1/U0/Use_E2.BSCAN_I/Use_E2.BSCANE2_I/UPDATE
                         net (fo=1, routed)           1.052     1.052    parser_i/mdm_1/U0/Use_E2.BSCAN_I/Dbg_Update_0
    BUFGCTRL_X0Y2        BUFG (Prop_bufg_I_O)         0.026     1.078 r  parser_i/mdm_1/U0/Use_E2.BSCAN_I/Dbg_Update_0_BUFG_inst/O
                         net (fo=39, routed)          0.693     1.772    parser_i/mdm_1/U0/MDM_Core_I1/JTAG_CONTROL_I/CLK
    SLICE_X15Y94         FDRE                                         r  parser_i/mdm_1/U0/MDM_Core_I1/JTAG_CONTROL_I/Debug_Rst_i_reg/C
  -------------------------------------------------------------------    -------------------
    SLICE_X15Y94         FDRE (Prop_fdre_C_Q)         0.141     1.913 r  parser_i/mdm_1/U0/MDM_Core_I1/JTAG_CONTROL_I/Debug_Rst_i_reg/Q
                         net (fo=2, routed)           0.168     2.081    parser_i/mdm_1/U0/MDM_Core_I1/JTAG_CONTROL_I/Use_BSCAN.FDC_I/Dbg_Rst_0
    SLICE_X15Y94         LUT6 (Prop_lut6_I5_O)        0.045     2.126 r  parser_i/mdm_1/U0/MDM_Core_I1/JTAG_CONTROL_I/Use_BSCAN.FDC_I/Debug_Rst_i_i_1/O
                         net (fo=1, routed)           0.000     2.126    parser_i/mdm_1/U0/MDM_Core_I1/JTAG_CONTROL_I/Use_BSCAN.FDC_I_n_34
    SLICE_X15Y94         FDRE                                         r  parser_i/mdm_1/U0/MDM_Core_I1/JTAG_CONTROL_I/Debug_Rst_i_reg/D
  -------------------------------------------------------------------    -------------------

                         (clock parser_i/mdm_1/U0/Use_E2.BSCAN_I/Use_E2.BSCANE2_I/UPDATE rise edge)
                                                      0.000     0.000 r  
    BSCAN_X0Y1           BSCANE2                      0.000     0.000 r  parser_i/mdm_1/U0/Use_E2.BSCAN_I/Use_E2.BSCANE2_I/UPDATE
                         net (fo=1, routed)           1.199     1.199    parser_i/mdm_1/U0/Use_E2.BSCAN_I/Dbg_Update_0
    BUFGCTRL_X0Y2        BUFG (Prop_bufg_I_O)         0.029     1.228 r  parser_i/mdm_1/U0/Use_E2.BSCAN_I/Dbg_Update_0_BUFG_inst/O
                         net (fo=39, routed)          0.969     2.197    parser_i/mdm_1/U0/MDM_Core_I1/JTAG_CONTROL_I/CLK
    SLICE_X15Y94         FDRE                                         r  parser_i/mdm_1/U0/MDM_Core_I1/JTAG_CONTROL_I/Debug_Rst_i_reg/C
                         clock pessimism             -0.425     1.772    
    SLICE_X15Y94         FDRE (Hold_fdre_C_D)         0.091     1.863    parser_i/mdm_1/U0/MDM_Core_I1/JTAG_CONTROL_I/Debug_Rst_i_reg
  -------------------------------------------------------------------
                         required time                         -1.863    
                         arrival time                           2.126    
  -------------------------------------------------------------------
                         slack                                  0.263    

Slack (MET) :             0.264ns  (arrival time - required time)
  Source:                 parser_i/mdm_1/U0/MDM_Core_I1/JTAG_CONTROL_I/Debug_SYS_Rst_i_reg/C
                            (rising edge-triggered cell FDRE clocked by parser_i/mdm_1/U0/Use_E2.BSCAN_I/Use_E2.BSCANE2_I/UPDATE  {rise@0.000ns fall@16.667ns period=33.333ns})
  Destination:            parser_i/mdm_1/U0/MDM_Core_I1/JTAG_CONTROL_I/Debug_SYS_Rst_i_reg/D
                            (rising edge-triggered cell FDRE clocked by parser_i/mdm_1/U0/Use_E2.BSCAN_I/Use_E2.BSCANE2_I/UPDATE  {rise@0.000ns fall@16.667ns period=33.333ns})
  Path Group:             parser_i/mdm_1/U0/Use_E2.BSCAN_I/Use_E2.BSCANE2_I/UPDATE
  Path Type:              Hold (Min at Fast Process Corner)
  Requirement:            0.000ns  (parser_i/mdm_1/U0/Use_E2.BSCAN_I/Use_E2.BSCANE2_I/UPDATE rise@0.000ns - parser_i/mdm_1/U0/Use_E2.BSCAN_I/Use_E2.BSCANE2_I/UPDATE rise@0.000ns)
  Data Path Delay:        0.384ns  (logic 0.209ns (54.384%)  route 0.175ns (45.616%))
  Logic Levels:           1  (LUT6=1)
  Clock Path Skew:        0.000ns (DCD - SCD - CPR)
    Destination Clock Delay (DCD):    2.197ns
    Source Clock Delay      (SCD):    1.772ns
    Clock Pessimism Removal (CPR):    0.425ns

    Location             Delay type                Incr(ns)  Path(ns)    Netlist Resource(s)
  -------------------------------------------------------------------    -------------------
                         (clock parser_i/mdm_1/U0/Use_E2.BSCAN_I/Use_E2.BSCANE2_I/UPDATE rise edge)
                                                      0.000     0.000 r  
    BSCAN_X0Y1           BSCANE2                      0.000     0.000 r  parser_i/mdm_1/U0/Use_E2.BSCAN_I/Use_E2.BSCANE2_I/UPDATE
                         net (fo=1, routed)           1.052     1.052    parser_i/mdm_1/U0/Use_E2.BSCAN_I/Dbg_Update_0
    BUFGCTRL_X0Y2        BUFG (Prop_bufg_I_O)         0.026     1.078 r  parser_i/mdm_1/U0/Use_E2.BSCAN_I/Dbg_Update_0_BUFG_inst/O
                         net (fo=39, routed)          0.693     1.772    parser_i/mdm_1/U0/MDM_Core_I1/JTAG_CONTROL_I/CLK
    SLICE_X16Y94         FDRE                                         r  parser_i/mdm_1/U0/MDM_Core_I1/JTAG_CONTROL_I/Debug_SYS_Rst_i_reg/C
  -------------------------------------------------------------------    -------------------
    SLICE_X16Y94         FDRE (Prop_fdre_C_Q)         0.164     1.936 r  parser_i/mdm_1/U0/MDM_Core_I1/JTAG_CONTROL_I/Debug_SYS_Rst_i_reg/Q
                         net (fo=2, routed)           0.175     2.111    parser_i/mdm_1/U0/MDM_Core_I1/JTAG_CONTROL_I/Use_BSCAN.FDC_I/Debug_SYS_Rst
    SLICE_X16Y94         LUT6 (Prop_lut6_I5_O)        0.045     2.156 r  parser_i/mdm_1/U0/MDM_Core_I1/JTAG_CONTROL_I/Use_BSCAN.FDC_I/Debug_SYS_Rst_i_i_1/O
                         net (fo=1, routed)           0.000     2.156    parser_i/mdm_1/U0/MDM_Core_I1/JTAG_CONTROL_I/Use_BSCAN.FDC_I_n_35
    SLICE_X16Y94         FDRE                                         r  parser_i/mdm_1/U0/MDM_Core_I1/JTAG_CONTROL_I/Debug_SYS_Rst_i_reg/D
  -------------------------------------------------------------------    -------------------

                         (clock parser_i/mdm_1/U0/Use_E2.BSCAN_I/Use_E2.BSCANE2_I/UPDATE rise edge)
                                                      0.000     0.000 r  
    BSCAN_X0Y1           BSCANE2                      0.000     0.000 r  parser_i/mdm_1/U0/Use_E2.BSCAN_I/Use_E2.BSCANE2_I/UPDATE
                         net (fo=1, routed)           1.199     1.199    parser_i/mdm_1/U0/Use_E2.BSCAN_I/Dbg_Update_0
    BUFGCTRL_X0Y2        BUFG (Prop_bufg_I_O)         0.029     1.228 r  parser_i/mdm_1/U0/Use_E2.BSCAN_I/Dbg_Update_0_BUFG_inst/O
                         net (fo=39, routed)          0.969     2.197    parser_i/mdm_1/U0/MDM_Core_I1/JTAG_CONTROL_I/CLK
    SLICE_X16Y94         FDRE                                         r  parser_i/mdm_1/U0/MDM_Core_I1/JTAG_CONTROL_I/Debug_SYS_Rst_i_reg/C
                         clock pessimism             -0.425     1.772    
    SLICE_X16Y94         FDRE (Hold_fdre_C_D)         0.120     1.892    parser_i/mdm_1/U0/MDM_Core_I1/JTAG_CONTROL_I/Debug_SYS_Rst_i_reg
  -------------------------------------------------------------------
                         required time                         -1.892    
                         arrival time                           2.156    
  -------------------------------------------------------------------
                         slack                                  0.264    

Slack (MET) :             0.325ns  (arrival time - required time)
  Source:                 parser_i/mdm_1/U0/MDM_Core_I1/JTAG_CONTROL_I/completion_ctrl_reg[0]/C
                            (rising edge-triggered cell FDRE clocked by parser_i/mdm_1/U0/Use_E2.BSCAN_I/Use_E2.BSCANE2_I/UPDATE  {rise@0.000ns fall@16.667ns period=33.333ns})
  Destination:            parser_i/mdm_1/U0/MDM_Core_I1/JTAG_CONTROL_I/completion_ctrl_reg[0]/D
                            (rising edge-triggered cell FDRE clocked by parser_i/mdm_1/U0/Use_E2.BSCAN_I/Use_E2.BSCANE2_I/UPDATE  {rise@0.000ns fall@16.667ns period=33.333ns})
  Path Group:             parser_i/mdm_1/U0/Use_E2.BSCAN_I/Use_E2.BSCANE2_I/UPDATE
  Path Type:              Hold (Min at Fast Process Corner)
  Requirement:            0.000ns  (parser_i/mdm_1/U0/Use_E2.BSCAN_I/Use_E2.BSCANE2_I/UPDATE rise@0.000ns - parser_i/mdm_1/U0/Use_E2.BSCAN_I/Use_E2.BSCANE2_I/UPDATE rise@0.000ns)
  Data Path Delay:        0.417ns  (logic 0.186ns (44.579%)  route 0.231ns (55.421%))
  Logic Levels:           1  (LUT3=1)
  Clock Path Skew:        0.000ns (DCD - SCD - CPR)
    Destination Clock Delay (DCD):    2.197ns
    Source Clock Delay      (SCD):    1.772ns
    Clock Pessimism Removal (CPR):    0.425ns

    Location             Delay type                Incr(ns)  Path(ns)    Netlist Resource(s)
  -------------------------------------------------------------------    -------------------
                         (clock parser_i/mdm_1/U0/Use_E2.BSCAN_I/Use_E2.BSCANE2_I/UPDATE rise edge)
                                                      0.000     0.000 r  
    BSCAN_X0Y1           BSCANE2                      0.000     0.000 r  parser_i/mdm_1/U0/Use_E2.BSCAN_I/Use_E2.BSCANE2_I/UPDATE
                         net (fo=1, routed)           1.052     1.052    parser_i/mdm_1/U0/Use_E2.BSCAN_I/Dbg_Update_0
    BUFGCTRL_X0Y2        BUFG (Prop_bufg_I_O)         0.026     1.078 r  parser_i/mdm_1/U0/Use_E2.BSCAN_I/Dbg_Update_0_BUFG_inst/O
                         net (fo=39, routed)          0.693     1.772    parser_i/mdm_1/U0/MDM_Core_I1/JTAG_CONTROL_I/CLK
    SLICE_X15Y94         FDRE                                         r  parser_i/mdm_1/U0/MDM_Core_I1/JTAG_CONTROL_I/completion_ctrl_reg[0]/C
  -------------------------------------------------------------------    -------------------
    SLICE_X15Y94         FDRE (Prop_fdre_C_Q)         0.141     1.913 r  parser_i/mdm_1/U0/MDM_Core_I1/JTAG_CONTROL_I/completion_ctrl_reg[0]/Q
                         net (fo=2, routed)           0.231     2.144    parser_i/mdm_1/U0/MDM_Core_I1/JTAG_CONTROL_I/Use_BSCAN.FDC_I/completion_ctrl
    SLICE_X15Y94         LUT3 (Prop_lut3_I2_O)        0.045     2.189 r  parser_i/mdm_1/U0/MDM_Core_I1/JTAG_CONTROL_I/Use_BSCAN.FDC_I/completion_ctrl[0]_i_1/O
                         net (fo=1, routed)           0.000     2.189    parser_i/mdm_1/U0/MDM_Core_I1/JTAG_CONTROL_I/Use_BSCAN.FDC_I_n_36
    SLICE_X15Y94         FDRE                                         r  parser_i/mdm_1/U0/MDM_Core_I1/JTAG_CONTROL_I/completion_ctrl_reg[0]/D
  -------------------------------------------------------------------    -------------------

                         (clock parser_i/mdm_1/U0/Use_E2.BSCAN_I/Use_E2.BSCANE2_I/UPDATE rise edge)
                                                      0.000     0.000 r  
    BSCAN_X0Y1           BSCANE2                      0.000     0.000 r  parser_i/mdm_1/U0/Use_E2.BSCAN_I/Use_E2.BSCANE2_I/UPDATE
                         net (fo=1, routed)           1.199     1.199    parser_i/mdm_1/U0/Use_E2.BSCAN_I/Dbg_Update_0
    BUFGCTRL_X0Y2        BUFG (Prop_bufg_I_O)         0.029     1.228 r  parser_i/mdm_1/U0/Use_E2.BSCAN_I/Dbg_Update_0_BUFG_inst/O
                         net (fo=39, routed)          0.969     2.197    parser_i/mdm_1/U0/MDM_Core_I1/JTAG_CONTROL_I/CLK
    SLICE_X15Y94         FDRE                                         r  parser_i/mdm_1/U0/MDM_Core_I1/JTAG_CONTROL_I/completion_ctrl_reg[0]/C
                         clock pessimism             -0.425     1.772    
    SLICE_X15Y94         FDRE (Hold_fdre_C_D)         0.092     1.864    parser_i/mdm_1/U0/MDM_Core_I1/JTAG_CONTROL_I/completion_ctrl_reg[0]
  -------------------------------------------------------------------
                         required time                         -1.864    
                         arrival time                           2.189    
  -------------------------------------------------------------------
                         slack                                  0.325    

Slack (MET) :             0.488ns  (arrival time - required time)
  Source:                 parser_i/mdm_1/U0/MDM_Core_I1/JTAG_CONTROL_I/Use_BSCAN.FDC_I/Using_FPGA.Native/C
                            (falling edge-triggered cell FDCE clocked by parser_i/mdm_1/U0/Use_E2.BSCAN_I/Use_E2.BSCANE2_I/UPDATE  {rise@0.000ns fall@16.667ns period=33.333ns})
  Destination:            parser_i/mdm_1/U0/MDM_Core_I1/JTAG_CONTROL_I/Use_BSCAN.FDC_I/Using_FPGA.Native/D
                            (falling edge-triggered cell FDCE clocked by parser_i/mdm_1/U0/Use_E2.BSCAN_I/Use_E2.BSCANE2_I/UPDATE  {rise@0.000ns fall@16.667ns period=33.333ns})
  Path Group:             parser_i/mdm_1/U0/Use_E2.BSCAN_I/Use_E2.BSCANE2_I/UPDATE
  Path Type:              Hold (Min at Fast Process Corner)
  Requirement:            0.000ns  (parser_i/mdm_1/U0/Use_E2.BSCAN_I/Use_E2.BSCANE2_I/UPDATE fall@16.667ns - parser_i/mdm_1/U0/Use_E2.BSCAN_I/Use_E2.BSCANE2_I/UPDATE fall@16.667ns)
  Data Path Delay:        0.565ns  (logic 0.191ns (33.807%)  route 0.374ns (66.192%))
  Logic Levels:           1  (LUT1=1)
  Clock Path Skew:        0.000ns (DCD - SCD - CPR)
    Destination Clock Delay (DCD):    2.197ns = ( 18.864 - 16.667 ) 
    Source Clock Delay      (SCD):    1.772ns = ( 18.438 - 16.667 ) 
    Clock Pessimism Removal (CPR):    0.425ns

    Location             Delay type                Incr(ns)  Path(ns)    Netlist Resource(s)
  -------------------------------------------------------------------    -------------------
                         (clock parser_i/mdm_1/U0/Use_E2.BSCAN_I/Use_E2.BSCANE2_I/UPDATE fall edge)
                                                     16.667    16.667 f  
    BSCAN_X0Y1           BSCANE2                      0.000    16.667 f  parser_i/mdm_1/U0/Use_E2.BSCAN_I/Use_E2.BSCANE2_I/UPDATE
                         net (fo=1, routed)           1.052    17.719    parser_i/mdm_1/U0/Use_E2.BSCAN_I/Dbg_Update_0
    BUFGCTRL_X0Y2        BUFG (Prop_bufg_I_O)         0.026    17.745 f  parser_i/mdm_1/U0/Use_E2.BSCAN_I/Dbg_Update_0_BUFG_inst/O
                         net (fo=39, routed)          0.693    18.438    parser_i/mdm_1/U0/MDM_Core_I1/JTAG_CONTROL_I/Use_BSCAN.FDC_I/CLK
    SLICE_X19Y94         FDCE                                         r  parser_i/mdm_1/U0/MDM_Core_I1/JTAG_CONTROL_I/Use_BSCAN.FDC_I/Using_FPGA.Native/C  (IS_INVERTED)
  -------------------------------------------------------------------    -------------------
    SLICE_X19Y94         FDCE (Prop_fdce_C_Q)         0.146    18.584 f  parser_i/mdm_1/U0/MDM_Core_I1/JTAG_CONTROL_I/Use_BSCAN.FDC_I/Using_FPGA.Native/Q
                         net (fo=16, routed)          0.193    18.778    parser_i/mdm_1/U0/MDM_Core_I1/JTAG_CONTROL_I/Use_BSCAN.FDC_I/Q_0
    SLICE_X19Y94         LUT1 (Prop_lut1_I0_O)        0.045    18.823 r  parser_i/mdm_1/U0/MDM_Core_I1/JTAG_CONTROL_I/Use_BSCAN.FDC_I/Using_FPGA.Native_i_1__0/O
                         net (fo=2, routed)           0.180    19.003    parser_i/mdm_1/U0/MDM_Core_I1/JTAG_CONTROL_I/Use_BSCAN.FDC_I/D
    SLICE_X19Y94         FDCE                                         r  parser_i/mdm_1/U0/MDM_Core_I1/JTAG_CONTROL_I/Use_BSCAN.FDC_I/Using_FPGA.Native/D
  -------------------------------------------------------------------    -------------------

                         (clock parser_i/mdm_1/U0/Use_E2.BSCAN_I/Use_E2.BSCANE2_I/UPDATE fall edge)
                                                     16.667    16.667 f  
    BSCAN_X0Y1           BSCANE2                      0.000    16.667 f  parser_i/mdm_1/U0/Use_E2.BSCAN_I/Use_E2.BSCANE2_I/UPDATE
                         net (fo=1, routed)           1.199    17.866    parser_i/mdm_1/U0/Use_E2.BSCAN_I/Dbg_Update_0
    BUFGCTRL_X0Y2        BUFG (Prop_bufg_I_O)         0.029    17.895 f  parser_i/mdm_1/U0/Use_E2.BSCAN_I/Dbg_Update_0_BUFG_inst/O
                         net (fo=39, routed)          0.969    18.864    parser_i/mdm_1/U0/MDM_Core_I1/JTAG_CONTROL_I/Use_BSCAN.FDC_I/CLK
    SLICE_X19Y94         FDCE                                         r  parser_i/mdm_1/U0/MDM_Core_I1/JTAG_CONTROL_I/Use_BSCAN.FDC_I/Using_FPGA.Native/C  (IS_INVERTED)
                         clock pessimism             -0.425    18.438    
    SLICE_X19Y94         FDCE (Hold_fdce_C_D)         0.077    18.515    parser_i/mdm_1/U0/MDM_Core_I1/JTAG_CONTROL_I/Use_BSCAN.FDC_I/Using_FPGA.Native
  -------------------------------------------------------------------
                         required time                        -18.515    
                         arrival time                          19.003    
  -------------------------------------------------------------------
                         slack                                  0.488    

Slack (MET) :             0.585ns  (arrival time - required time)
  Source:                 parser_i/mdm_1/U0/MDM_Core_I1/Use_BSCAN.PORT_Selector_reg[0]/C
                            (falling edge-triggered cell FDCE clocked by parser_i/mdm_1/U0/Use_E2.BSCAN_I/Use_E2.BSCANE2_I/UPDATE  {rise@0.000ns fall@16.667ns period=33.333ns})
  Destination:            parser_i/mdm_1/U0/MDM_Core_I1/JTAG_CONTROL_I/Use_BSCAN.command_reg[0]/CE
                            (falling edge-triggered cell FDRE clocked by parser_i/mdm_1/U0/Use_E2.BSCAN_I/Use_E2.BSCANE2_I/UPDATE  {rise@0.000ns fall@16.667ns period=33.333ns})
  Path Group:             parser_i/mdm_1/U0/Use_E2.BSCAN_I/Use_E2.BSCANE2_I/UPDATE
  Path Type:              Hold (Min at Fast Process Corner)
  Requirement:            0.000ns  (parser_i/mdm_1/U0/Use_E2.BSCAN_I/Use_E2.BSCANE2_I/UPDATE fall@16.667ns - parser_i/mdm_1/U0/Use_E2.BSCAN_I/Use_E2.BSCANE2_I/UPDATE fall@16.667ns)
  Data Path Delay:        0.614ns  (logic 0.212ns (34.506%)  route 0.402ns (65.493%))
  Logic Levels:           1  (LUT5=1)
  Clock Path Skew:        0.041ns (DCD - SCD - CPR)
    Destination Clock Delay (DCD):    2.197ns = ( 18.864 - 16.667 ) 
    Source Clock Delay      (SCD):    1.769ns = ( 18.435 - 16.667 ) 
    Clock Pessimism Removal (CPR):    0.387ns

    Location             Delay type                Incr(ns)  Path(ns)    Netlist Resource(s)
  -------------------------------------------------------------------    -------------------
                         (clock parser_i/mdm_1/U0/Use_E2.BSCAN_I/Use_E2.BSCANE2_I/UPDATE fall edge)
                                                     16.667    16.667 f  
    BSCAN_X0Y1           BSCANE2                      0.000    16.667 f  parser_i/mdm_1/U0/Use_E2.BSCAN_I/Use_E2.BSCANE2_I/UPDATE
                         net (fo=1, routed)           1.052    17.719    parser_i/mdm_1/U0/Use_E2.BSCAN_I/Dbg_Update_0
    BUFGCTRL_X0Y2        BUFG (Prop_bufg_I_O)         0.026    17.745 f  parser_i/mdm_1/U0/Use_E2.BSCAN_I/Dbg_Update_0_BUFG_inst/O
                         net (fo=39, routed)          0.690    18.435    parser_i/mdm_1/U0/MDM_Core_I1/CLK
    SLICE_X22Y95         FDCE                                         r  parser_i/mdm_1/U0/MDM_Core_I1/Use_BSCAN.PORT_Selector_reg[0]/C  (IS_INVERTED)
  -------------------------------------------------------------------    -------------------
    SLICE_X22Y95         FDCE (Prop_fdce_C_Q)         0.167    18.602 r  parser_i/mdm_1/U0/MDM_Core_I1/Use_BSCAN.PORT_Selector_reg[0]/Q
                         net (fo=9, routed)           0.164    18.766    parser_i/mdm_1/U0/MDM_Core_I1/JTAG_CONTROL_I/Q[0]
    SLICE_X22Y96         LUT5 (Prop_lut5_I1_O)        0.045    18.811 r  parser_i/mdm_1/U0/MDM_Core_I1/JTAG_CONTROL_I/Use_BSCAN.command[0]_i_1/O
                         net (fo=8, routed)           0.238    19.050    parser_i/mdm_1/U0/MDM_Core_I1/JTAG_CONTROL_I/Use_BSCAN.command[0]_i_1_n_0
    SLICE_X18Y95         FDRE                                         r  parser_i/mdm_1/U0/MDM_Core_I1/JTAG_CONTROL_I/Use_BSCAN.command_reg[0]/CE
  -------------------------------------------------------------------    -------------------

                         (clock parser_i/mdm_1/U0/Use_E2.BSCAN_I/Use_E2.BSCANE2_I/UPDATE fall edge)
                                                     16.667    16.667 f  
    BSCAN_X0Y1           BSCANE2                      0.000    16.667 f  parser_i/mdm_1/U0/Use_E2.BSCAN_I/Use_E2.BSCANE2_I/UPDATE
                         net (fo=1, routed)           1.199    17.866    parser_i/mdm_1/U0/Use_E2.BSCAN_I/Dbg_Update_0
    BUFGCTRL_X0Y2        BUFG (Prop_bufg_I_O)         0.029    17.895 f  parser_i/mdm_1/U0/Use_E2.BSCAN_I/Dbg_Update_0_BUFG_inst/O
                         net (fo=39, routed)          0.969    18.864    parser_i/mdm_1/U0/MDM_Core_I1/JTAG_CONTROL_I/CLK
    SLICE_X18Y95         FDRE                                         r  parser_i/mdm_1/U0/MDM_Core_I1/JTAG_CONTROL_I/Use_BSCAN.command_reg[0]/C  (IS_INVERTED)
                         clock pessimism             -0.387    18.476    
    SLICE_X18Y95         FDRE (Hold_fdre_C_CE)       -0.012    18.464    parser_i/mdm_1/U0/MDM_Core_I1/JTAG_CONTROL_I/Use_BSCAN.command_reg[0]
  -------------------------------------------------------------------
                         required time                        -18.464    
                         arrival time                          19.050    
  -------------------------------------------------------------------
                         slack                                  0.585    

Slack (MET) :             0.585ns  (arrival time - required time)
  Source:                 parser_i/mdm_1/U0/MDM_Core_I1/Use_BSCAN.PORT_Selector_reg[0]/C
                            (falling edge-triggered cell FDCE clocked by parser_i/mdm_1/U0/Use_E2.BSCAN_I/Use_E2.BSCANE2_I/UPDATE  {rise@0.000ns fall@16.667ns period=33.333ns})
  Destination:            parser_i/mdm_1/U0/MDM_Core_I1/JTAG_CONTROL_I/Use_BSCAN.command_reg[1]/CE
                            (falling edge-triggered cell FDRE clocked by parser_i/mdm_1/U0/Use_E2.BSCAN_I/Use_E2.BSCANE2_I/UPDATE  {rise@0.000ns fall@16.667ns period=33.333ns})
  Path Group:             parser_i/mdm_1/U0/Use_E2.BSCAN_I/Use_E2.BSCANE2_I/UPDATE
  Path Type:              Hold (Min at Fast Process Corner)
  Requirement:            0.000ns  (parser_i/mdm_1/U0/Use_E2.BSCAN_I/Use_E2.BSCANE2_I/UPDATE fall@16.667ns - parser_i/mdm_1/U0/Use_E2.BSCAN_I/Use_E2.BSCANE2_I/UPDATE fall@16.667ns)
  Data Path Delay:        0.614ns  (logic 0.212ns (34.506%)  route 0.402ns (65.493%))
  Logic Levels:           1  (LUT5=1)
  Clock Path Skew:        0.041ns (DCD - SCD - CPR)
    Destination Clock Delay (DCD):    2.197ns = ( 18.864 - 16.667 ) 
    Source Clock Delay      (SCD):    1.769ns = ( 18.435 - 16.667 ) 
    Clock Pessimism Removal (CPR):    0.387ns

    Location             Delay type                Incr(ns)  Path(ns)    Netlist Resource(s)
  -------------------------------------------------------------------    -------------------
                         (clock parser_i/mdm_1/U0/Use_E2.BSCAN_I/Use_E2.BSCANE2_I/UPDATE fall edge)
                                                     16.667    16.667 f  
    BSCAN_X0Y1           BSCANE2                      0.000    16.667 f  parser_i/mdm_1/U0/Use_E2.BSCAN_I/Use_E2.BSCANE2_I/UPDATE
                         net (fo=1, routed)           1.052    17.719    parser_i/mdm_1/U0/Use_E2.BSCAN_I/Dbg_Update_0
    BUFGCTRL_X0Y2        BUFG (Prop_bufg_I_O)         0.026    17.745 f  parser_i/mdm_1/U0/Use_E2.BSCAN_I/Dbg_Update_0_BUFG_inst/O
                         net (fo=39, routed)          0.690    18.435    parser_i/mdm_1/U0/MDM_Core_I1/CLK
    SLICE_X22Y95         FDCE                                         r  parser_i/mdm_1/U0/MDM_Core_I1/Use_BSCAN.PORT_Selector_reg[0]/C  (IS_INVERTED)
  -------------------------------------------------------------------    -------------------
    SLICE_X22Y95         FDCE (Prop_fdce_C_Q)         0.167    18.602 r  parser_i/mdm_1/U0/MDM_Core_I1/Use_BSCAN.PORT_Selector_reg[0]/Q
                         net (fo=9, routed)           0.164    18.766    parser_i/mdm_1/U0/MDM_Core_I1/JTAG_CONTROL_I/Q[0]
    SLICE_X22Y96         LUT5 (Prop_lut5_I1_O)        0.045    18.811 r  parser_i/mdm_1/U0/MDM_Core_I1/JTAG_CONTROL_I/Use_BSCAN.command[0]_i_1/O
                         net (fo=8, routed)           0.238    19.050    parser_i/mdm_1/U0/MDM_Core_I1/JTAG_CONTROL_I/Use_BSCAN.command[0]_i_1_n_0
    SLICE_X18Y95         FDRE                                         r  parser_i/mdm_1/U0/MDM_Core_I1/JTAG_CONTROL_I/Use_BSCAN.command_reg[1]/CE
  -------------------------------------------------------------------    -------------------

                         (clock parser_i/mdm_1/U0/Use_E2.BSCAN_I/Use_E2.BSCANE2_I/UPDATE fall edge)
                                                     16.667    16.667 f  
    BSCAN_X0Y1           BSCANE2                      0.000    16.667 f  parser_i/mdm_1/U0/Use_E2.BSCAN_I/Use_E2.BSCANE2_I/UPDATE
                         net (fo=1, routed)           1.199    17.866    parser_i/mdm_1/U0/Use_E2.BSCAN_I/Dbg_Update_0
    BUFGCTRL_X0Y2        BUFG (Prop_bufg_I_O)         0.029    17.895 f  parser_i/mdm_1/U0/Use_E2.BSCAN_I/Dbg_Update_0_BUFG_inst/O
                         net (fo=39, routed)          0.969    18.864    parser_i/mdm_1/U0/MDM_Core_I1/JTAG_CONTROL_I/CLK
    SLICE_X18Y95         FDRE                                         r  parser_i/mdm_1/U0/MDM_Core_I1/JTAG_CONTROL_I/Use_BSCAN.command_reg[1]/C  (IS_INVERTED)
                         clock pessimism             -0.387    18.476    
    SLICE_X18Y95         FDRE (Hold_fdre_C_CE)       -0.012    18.464    parser_i/mdm_1/U0/MDM_Core_I1/JTAG_CONTROL_I/Use_BSCAN.command_reg[1]
  -------------------------------------------------------------------
                         required time                        -18.464    
                         arrival time                          19.050    
  -------------------------------------------------------------------
                         slack                                  0.585    

Slack (MET) :             0.585ns  (arrival time - required time)
  Source:                 parser_i/mdm_1/U0/MDM_Core_I1/Use_BSCAN.PORT_Selector_reg[0]/C
                            (falling edge-triggered cell FDCE clocked by parser_i/mdm_1/U0/Use_E2.BSCAN_I/Use_E2.BSCANE2_I/UPDATE  {rise@0.000ns fall@16.667ns period=33.333ns})
  Destination:            parser_i/mdm_1/U0/MDM_Core_I1/JTAG_CONTROL_I/Use_BSCAN.command_reg[2]/CE
                            (falling edge-triggered cell FDRE clocked by parser_i/mdm_1/U0/Use_E2.BSCAN_I/Use_E2.BSCANE2_I/UPDATE  {rise@0.000ns fall@16.667ns period=33.333ns})
  Path Group:             parser_i/mdm_1/U0/Use_E2.BSCAN_I/Use_E2.BSCANE2_I/UPDATE
  Path Type:              Hold (Min at Fast Process Corner)
  Requirement:            0.000ns  (parser_i/mdm_1/U0/Use_E2.BSCAN_I/Use_E2.BSCANE2_I/UPDATE fall@16.667ns - parser_i/mdm_1/U0/Use_E2.BSCAN_I/Use_E2.BSCANE2_I/UPDATE fall@16.667ns)
  Data Path Delay:        0.614ns  (logic 0.212ns (34.506%)  route 0.402ns (65.493%))
  Logic Levels:           1  (LUT5=1)
  Clock Path Skew:        0.041ns (DCD - SCD - CPR)
    Destination Clock Delay (DCD):    2.197ns = ( 18.864 - 16.667 ) 
    Source Clock Delay      (SCD):    1.769ns = ( 18.435 - 16.667 ) 
    Clock Pessimism Removal (CPR):    0.387ns

    Location             Delay type                Incr(ns)  Path(ns)    Netlist Resource(s)
  -------------------------------------------------------------------    -------------------
                         (clock parser_i/mdm_1/U0/Use_E2.BSCAN_I/Use_E2.BSCANE2_I/UPDATE fall edge)
                                                     16.667    16.667 f  
    BSCAN_X0Y1           BSCANE2                      0.000    16.667 f  parser_i/mdm_1/U0/Use_E2.BSCAN_I/Use_E2.BSCANE2_I/UPDATE
                         net (fo=1, routed)           1.052    17.719    parser_i/mdm_1/U0/Use_E2.BSCAN_I/Dbg_Update_0
    BUFGCTRL_X0Y2        BUFG (Prop_bufg_I_O)         0.026    17.745 f  parser_i/mdm_1/U0/Use_E2.BSCAN_I/Dbg_Update_0_BUFG_inst/O
                         net (fo=39, routed)          0.690    18.435    parser_i/mdm_1/U0/MDM_Core_I1/CLK
    SLICE_X22Y95         FDCE                                         r  parser_i/mdm_1/U0/MDM_Core_I1/Use_BSCAN.PORT_Selector_reg[0]/C  (IS_INVERTED)
  -------------------------------------------------------------------    -------------------
    SLICE_X22Y95         FDCE (Prop_fdce_C_Q)         0.167    18.602 r  parser_i/mdm_1/U0/MDM_Core_I1/Use_BSCAN.PORT_Selector_reg[0]/Q
                         net (fo=9, routed)           0.164    18.766    parser_i/mdm_1/U0/MDM_Core_I1/JTAG_CONTROL_I/Q[0]
    SLICE_X22Y96         LUT5 (Prop_lut5_I1_O)        0.045    18.811 r  parser_i/mdm_1/U0/MDM_Core_I1/JTAG_CONTROL_I/Use_BSCAN.command[0]_i_1/O
                         net (fo=8, routed)           0.238    19.050    parser_i/mdm_1/U0/MDM_Core_I1/JTAG_CONTROL_I/Use_BSCAN.command[0]_i_1_n_0
    SLICE_X18Y95         FDRE                                         r  parser_i/mdm_1/U0/MDM_Core_I1/JTAG_CONTROL_I/Use_BSCAN.command_reg[2]/CE
  -------------------------------------------------------------------    -------------------

                         (clock parser_i/mdm_1/U0/Use_E2.BSCAN_I/Use_E2.BSCANE2_I/UPDATE fall edge)
                                                     16.667    16.667 f  
    BSCAN_X0Y1           BSCANE2                      0.000    16.667 f  parser_i/mdm_1/U0/Use_E2.BSCAN_I/Use_E2.BSCANE2_I/UPDATE
                         net (fo=1, routed)           1.199    17.866    parser_i/mdm_1/U0/Use_E2.BSCAN_I/Dbg_Update_0
    BUFGCTRL_X0Y2        BUFG (Prop_bufg_I_O)         0.029    17.895 f  parser_i/mdm_1/U0/Use_E2.BSCAN_I/Dbg_Update_0_BUFG_inst/O
                         net (fo=39, routed)          0.969    18.864    parser_i/mdm_1/U0/MDM_Core_I1/JTAG_CONTROL_I/CLK
    SLICE_X18Y95         FDRE                                         r  parser_i/mdm_1/U0/MDM_Core_I1/JTAG_CONTROL_I/Use_BSCAN.command_reg[2]/C  (IS_INVERTED)
                         clock pessimism             -0.387    18.476    
    SLICE_X18Y95         FDRE (Hold_fdre_C_CE)       -0.012    18.464    parser_i/mdm_1/U0/MDM_Core_I1/JTAG_CONTROL_I/Use_BSCAN.command_reg[2]
  -------------------------------------------------------------------
                         required time                        -18.464    
                         arrival time                          19.050    
  -------------------------------------------------------------------
                         slack                                  0.585    

Slack (MET) :             0.585ns  (arrival time - required time)
  Source:                 parser_i/mdm_1/U0/MDM_Core_I1/Use_BSCAN.PORT_Selector_reg[0]/C
                            (falling edge-triggered cell FDCE clocked by parser_i/mdm_1/U0/Use_E2.BSCAN_I/Use_E2.BSCANE2_I/UPDATE  {rise@0.000ns fall@16.667ns period=33.333ns})
  Destination:            parser_i/mdm_1/U0/MDM_Core_I1/JTAG_CONTROL_I/Use_BSCAN.command_reg[4]/CE
                            (falling edge-triggered cell FDRE clocked by parser_i/mdm_1/U0/Use_E2.BSCAN_I/Use_E2.BSCANE2_I/UPDATE  {rise@0.000ns fall@16.667ns period=33.333ns})
  Path Group:             parser_i/mdm_1/U0/Use_E2.BSCAN_I/Use_E2.BSCANE2_I/UPDATE
  Path Type:              Hold (Min at Fast Process Corner)
  Requirement:            0.000ns  (parser_i/mdm_1/U0/Use_E2.BSCAN_I/Use_E2.BSCANE2_I/UPDATE fall@16.667ns - parser_i/mdm_1/U0/Use_E2.BSCAN_I/Use_E2.BSCANE2_I/UPDATE fall@16.667ns)
  Data Path Delay:        0.614ns  (logic 0.212ns (34.506%)  route 0.402ns (65.493%))
  Logic Levels:           1  (LUT5=1)
  Clock Path Skew:        0.041ns (DCD - SCD - CPR)
    Destination Clock Delay (DCD):    2.197ns = ( 18.864 - 16.667 ) 
    Source Clock Delay      (SCD):    1.769ns = ( 18.435 - 16.667 ) 
    Clock Pessimism Removal (CPR):    0.387ns

    Location             Delay type                Incr(ns)  Path(ns)    Netlist Resource(s)
  -------------------------------------------------------------------    -------------------
                         (clock parser_i/mdm_1/U0/Use_E2.BSCAN_I/Use_E2.BSCANE2_I/UPDATE fall edge)
                                                     16.667    16.667 f  
    BSCAN_X0Y1           BSCANE2                      0.000    16.667 f  parser_i/mdm_1/U0/Use_E2.BSCAN_I/Use_E2.BSCANE2_I/UPDATE
                         net (fo=1, routed)           1.052    17.719    parser_i/mdm_1/U0/Use_E2.BSCAN_I/Dbg_Update_0
    BUFGCTRL_X0Y2        BUFG (Prop_bufg_I_O)         0.026    17.745 f  parser_i/mdm_1/U0/Use_E2.BSCAN_I/Dbg_Update_0_BUFG_inst/O
                         net (fo=39, routed)          0.690    18.435    parser_i/mdm_1/U0/MDM_Core_I1/CLK
    SLICE_X22Y95         FDCE                                         r  parser_i/mdm_1/U0/MDM_Core_I1/Use_BSCAN.PORT_Selector_reg[0]/C  (IS_INVERTED)
  -------------------------------------------------------------------    -------------------
    SLICE_X22Y95         FDCE (Prop_fdce_C_Q)         0.167    18.602 r  parser_i/mdm_1/U0/MDM_Core_I1/Use_BSCAN.PORT_Selector_reg[0]/Q
                         net (fo=9, routed)           0.164    18.766    parser_i/mdm_1/U0/MDM_Core_I1/JTAG_CONTROL_I/Q[0]
    SLICE_X22Y96         LUT5 (Prop_lut5_I1_O)        0.045    18.811 r  parser_i/mdm_1/U0/MDM_Core_I1/JTAG_CONTROL_I/Use_BSCAN.command[0]_i_1/O
                         net (fo=8, routed)           0.238    19.050    parser_i/mdm_1/U0/MDM_Core_I1/JTAG_CONTROL_I/Use_BSCAN.command[0]_i_1_n_0
    SLICE_X18Y95         FDRE                                         r  parser_i/mdm_1/U0/MDM_Core_I1/JTAG_CONTROL_I/Use_BSCAN.command_reg[4]/CE
  -------------------------------------------------------------------    -------------------

                         (clock parser_i/mdm_1/U0/Use_E2.BSCAN_I/Use_E2.BSCANE2_I/UPDATE fall edge)
                                                     16.667    16.667 f  
    BSCAN_X0Y1           BSCANE2                      0.000    16.667 f  parser_i/mdm_1/U0/Use_E2.BSCAN_I/Use_E2.BSCANE2_I/UPDATE
                         net (fo=1, routed)           1.199    17.866    parser_i/mdm_1/U0/Use_E2.BSCAN_I/Dbg_Update_0
    BUFGCTRL_X0Y2        BUFG (Prop_bufg_I_O)         0.029    17.895 f  parser_i/mdm_1/U0/Use_E2.BSCAN_I/Dbg_Update_0_BUFG_inst/O
                         net (fo=39, routed)          0.969    18.864    parser_i/mdm_1/U0/MDM_Core_I1/JTAG_CONTROL_I/CLK
    SLICE_X18Y95         FDRE                                         r  parser_i/mdm_1/U0/MDM_Core_I1/JTAG_CONTROL_I/Use_BSCAN.command_reg[4]/C  (IS_INVERTED)
                         clock pessimism             -0.387    18.476    
    SLICE_X18Y95         FDRE (Hold_fdre_C_CE)       -0.012    18.464    parser_i/mdm_1/U0/MDM_Core_I1/JTAG_CONTROL_I/Use_BSCAN.command_reg[4]
  -------------------------------------------------------------------
                         required time                        -18.464    
                         arrival time                          19.050    
  -------------------------------------------------------------------
                         slack                                  0.585    

Slack (MET) :             0.648ns  (arrival time - required time)
  Source:                 parser_i/mdm_1/U0/MDM_Core_I1/Use_BSCAN.PORT_Selector_reg[0]/C
                            (falling edge-triggered cell FDCE clocked by parser_i/mdm_1/U0/Use_E2.BSCAN_I/Use_E2.BSCANE2_I/UPDATE  {rise@0.000ns fall@16.667ns period=33.333ns})
  Destination:            parser_i/mdm_1/U0/MDM_Core_I1/JTAG_CONTROL_I/Use_BSCAN.command_reg[3]/CE
                            (falling edge-triggered cell FDRE clocked by parser_i/mdm_1/U0/Use_E2.BSCAN_I/Use_E2.BSCANE2_I/UPDATE  {rise@0.000ns fall@16.667ns period=33.333ns})
  Path Group:             parser_i/mdm_1/U0/Use_E2.BSCAN_I/Use_E2.BSCANE2_I/UPDATE
  Path Type:              Hold (Min at Fast Process Corner)
  Requirement:            0.000ns  (parser_i/mdm_1/U0/Use_E2.BSCAN_I/Use_E2.BSCANE2_I/UPDATE fall@16.667ns - parser_i/mdm_1/U0/Use_E2.BSCAN_I/Use_E2.BSCANE2_I/UPDATE fall@16.667ns)
  Data Path Delay:        0.657ns  (logic 0.212ns (32.271%)  route 0.445ns (67.728%))
  Logic Levels:           1  (LUT5=1)
  Clock Path Skew:        0.041ns (DCD - SCD - CPR)
    Destination Clock Delay (DCD):    2.197ns = ( 18.864 - 16.667 ) 
    Source Clock Delay      (SCD):    1.769ns = ( 18.435 - 16.667 ) 
    Clock Pessimism Removal (CPR):    0.387ns

    Location             Delay type                Incr(ns)  Path(ns)    Netlist Resource(s)
  -------------------------------------------------------------------    -------------------
                         (clock parser_i/mdm_1/U0/Use_E2.BSCAN_I/Use_E2.BSCANE2_I/UPDATE fall edge)
                                                     16.667    16.667 f  
    BSCAN_X0Y1           BSCANE2                      0.000    16.667 f  parser_i/mdm_1/U0/Use_E2.BSCAN_I/Use_E2.BSCANE2_I/UPDATE
                         net (fo=1, routed)           1.052    17.719    parser_i/mdm_1/U0/Use_E2.BSCAN_I/Dbg_Update_0
    BUFGCTRL_X0Y2        BUFG (Prop_bufg_I_O)         0.026    17.745 f  parser_i/mdm_1/U0/Use_E2.BSCAN_I/Dbg_Update_0_BUFG_inst/O
                         net (fo=39, routed)          0.690    18.435    parser_i/mdm_1/U0/MDM_Core_I1/CLK
    SLICE_X22Y95         FDCE                                         r  parser_i/mdm_1/U0/MDM_Core_I1/Use_BSCAN.PORT_Selector_reg[0]/C  (IS_INVERTED)
  -------------------------------------------------------------------    -------------------
    SLICE_X22Y95         FDCE (Prop_fdce_C_Q)         0.167    18.602 r  parser_i/mdm_1/U0/MDM_Core_I1/Use_BSCAN.PORT_Selector_reg[0]/Q
                         net (fo=9, routed)           0.164    18.766    parser_i/mdm_1/U0/MDM_Core_I1/JTAG_CONTROL_I/Q[0]
    SLICE_X22Y96         LUT5 (Prop_lut5_I1_O)        0.045    18.811 r  parser_i/mdm_1/U0/MDM_Core_I1/JTAG_CONTROL_I/Use_BSCAN.command[0]_i_1/O
                         net (fo=8, routed)           0.281    19.092    parser_i/mdm_1/U0/MDM_Core_I1/JTAG_CONTROL_I/Use_BSCAN.command[0]_i_1_n_0
    SLICE_X17Y94         FDRE                                         r  parser_i/mdm_1/U0/MDM_Core_I1/JTAG_CONTROL_I/Use_BSCAN.command_reg[3]/CE
  -------------------------------------------------------------------    -------------------

                         (clock parser_i/mdm_1/U0/Use_E2.BSCAN_I/Use_E2.BSCANE2_I/UPDATE fall edge)
                                                     16.667    16.667 f  
    BSCAN_X0Y1           BSCANE2                      0.000    16.667 f  parser_i/mdm_1/U0/Use_E2.BSCAN_I/Use_E2.BSCANE2_I/UPDATE
                         net (fo=1, routed)           1.199    17.866    parser_i/mdm_1/U0/Use_E2.BSCAN_I/Dbg_Update_0
    BUFGCTRL_X0Y2        BUFG (Prop_bufg_I_O)         0.029    17.895 f  parser_i/mdm_1/U0/Use_E2.BSCAN_I/Dbg_Update_0_BUFG_inst/O
                         net (fo=39, routed)          0.969    18.864    parser_i/mdm_1/U0/MDM_Core_I1/JTAG_CONTROL_I/CLK
    SLICE_X17Y94         FDRE                                         r  parser_i/mdm_1/U0/MDM_Core_I1/JTAG_CONTROL_I/Use_BSCAN.command_reg[3]/C  (IS_INVERTED)
                         clock pessimism             -0.387    18.476    
    SLICE_X17Y94         FDRE (Hold_fdre_C_CE)       -0.032    18.444    parser_i/mdm_1/U0/MDM_Core_I1/JTAG_CONTROL_I/Use_BSCAN.command_reg[3]
  -------------------------------------------------------------------
                         required time                        -18.444    
                         arrival time                          19.092    
  -------------------------------------------------------------------
                         slack                                  0.648    

Slack (MET) :             0.648ns  (arrival time - required time)
  Source:                 parser_i/mdm_1/U0/MDM_Core_I1/Use_BSCAN.PORT_Selector_reg[0]/C
                            (falling edge-triggered cell FDCE clocked by parser_i/mdm_1/U0/Use_E2.BSCAN_I/Use_E2.BSCANE2_I/UPDATE  {rise@0.000ns fall@16.667ns period=33.333ns})
  Destination:            parser_i/mdm_1/U0/MDM_Core_I1/JTAG_CONTROL_I/Use_BSCAN.command_reg[5]/CE
                            (falling edge-triggered cell FDRE clocked by parser_i/mdm_1/U0/Use_E2.BSCAN_I/Use_E2.BSCANE2_I/UPDATE  {rise@0.000ns fall@16.667ns period=33.333ns})
  Path Group:             parser_i/mdm_1/U0/Use_E2.BSCAN_I/Use_E2.BSCANE2_I/UPDATE
  Path Type:              Hold (Min at Fast Process Corner)
  Requirement:            0.000ns  (parser_i/mdm_1/U0/Use_E2.BSCAN_I/Use_E2.BSCANE2_I/UPDATE fall@16.667ns - parser_i/mdm_1/U0/Use_E2.BSCAN_I/Use_E2.BSCANE2_I/UPDATE fall@16.667ns)
  Data Path Delay:        0.657ns  (logic 0.212ns (32.271%)  route 0.445ns (67.728%))
  Logic Levels:           1  (LUT5=1)
  Clock Path Skew:        0.041ns (DCD - SCD - CPR)
    Destination Clock Delay (DCD):    2.197ns = ( 18.864 - 16.667 ) 
    Source Clock Delay      (SCD):    1.769ns = ( 18.435 - 16.667 ) 
    Clock Pessimism Removal (CPR):    0.387ns

    Location             Delay type                Incr(ns)  Path(ns)    Netlist Resource(s)
  -------------------------------------------------------------------    -------------------
                         (clock parser_i/mdm_1/U0/Use_E2.BSCAN_I/Use_E2.BSCANE2_I/UPDATE fall edge)
                                                     16.667    16.667 f  
    BSCAN_X0Y1           BSCANE2                      0.000    16.667 f  parser_i/mdm_1/U0/Use_E2.BSCAN_I/Use_E2.BSCANE2_I/UPDATE
                         net (fo=1, routed)           1.052    17.719    parser_i/mdm_1/U0/Use_E2.BSCAN_I/Dbg_Update_0
    BUFGCTRL_X0Y2        BUFG (Prop_bufg_I_O)         0.026    17.745 f  parser_i/mdm_1/U0/Use_E2.BSCAN_I/Dbg_Update_0_BUFG_inst/O
                         net (fo=39, routed)          0.690    18.435    parser_i/mdm_1/U0/MDM_Core_I1/CLK
    SLICE_X22Y95         FDCE                                         r  parser_i/mdm_1/U0/MDM_Core_I1/Use_BSCAN.PORT_Selector_reg[0]/C  (IS_INVERTED)
  -------------------------------------------------------------------    -------------------
    SLICE_X22Y95         FDCE (Prop_fdce_C_Q)         0.167    18.602 r  parser_i/mdm_1/U0/MDM_Core_I1/Use_BSCAN.PORT_Selector_reg[0]/Q
                         net (fo=9, routed)           0.164    18.766    parser_i/mdm_1/U0/MDM_Core_I1/JTAG_CONTROL_I/Q[0]
    SLICE_X22Y96         LUT5 (Prop_lut5_I1_O)        0.045    18.811 r  parser_i/mdm_1/U0/MDM_Core_I1/JTAG_CONTROL_I/Use_BSCAN.command[0]_i_1/O
                         net (fo=8, routed)           0.281    19.092    parser_i/mdm_1/U0/MDM_Core_I1/JTAG_CONTROL_I/Use_BSCAN.command[0]_i_1_n_0
    SLICE_X17Y94         FDRE                                         r  parser_i/mdm_1/U0/MDM_Core_I1/JTAG_CONTROL_I/Use_BSCAN.command_reg[5]/CE
  -------------------------------------------------------------------    -------------------

                         (clock parser_i/mdm_1/U0/Use_E2.BSCAN_I/Use_E2.BSCANE2_I/UPDATE fall edge)
                                                     16.667    16.667 f  
    BSCAN_X0Y1           BSCANE2                      0.000    16.667 f  parser_i/mdm_1/U0/Use_E2.BSCAN_I/Use_E2.BSCANE2_I/UPDATE
                         net (fo=1, routed)           1.199    17.866    parser_i/mdm_1/U0/Use_E2.BSCAN_I/Dbg_Update_0
    BUFGCTRL_X0Y2        BUFG (Prop_bufg_I_O)         0.029    17.895 f  parser_i/mdm_1/U0/Use_E2.BSCAN_I/Dbg_Update_0_BUFG_inst/O
                         net (fo=39, routed)          0.969    18.864    parser_i/mdm_1/U0/MDM_Core_I1/JTAG_CONTROL_I/CLK
    SLICE_X17Y94         FDRE                                         r  parser_i/mdm_1/U0/MDM_Core_I1/JTAG_CONTROL_I/Use_BSCAN.command_reg[5]/C  (IS_INVERTED)
                         clock pessimism             -0.387    18.476    
    SLICE_X17Y94         FDRE (Hold_fdre_C_CE)       -0.032    18.444    parser_i/mdm_1/U0/MDM_Core_I1/JTAG_CONTROL_I/Use_BSCAN.command_reg[5]
  -------------------------------------------------------------------
                         required time                        -18.444    
                         arrival time                          19.092    
  -------------------------------------------------------------------
                         slack                                  0.648    





Pulse Width Checks
--------------------------------------------------------------------------------------
Clock Name:         parser_i/mdm_1/U0/Use_E2.BSCAN_I/Use_E2.BSCANE2_I/UPDATE
Waveform(ns):       { 0.000 16.667 }
Period(ns):         33.333
Sources:            { parser_i/mdm_1/U0/Use_E2.BSCAN_I/Use_E2.BSCANE2_I/UPDATE }

Check Type        Corner  Lib Pin  Reference Pin  Required(ns)  Actual(ns)  Slack(ns)  Location       Pin
Min Period        n/a     BUFG/I   n/a            2.155         33.333      31.178     BUFGCTRL_X0Y2  parser_i/mdm_1/U0/Use_E2.BSCAN_I/Dbg_Update_0_BUFG_inst/I
Min Period        n/a     FDCE/C   n/a            1.000         33.333      32.333     SLICE_X22Y96   parser_i/mdm_1/U0/MDM_Core_I1/Use_BSCAN.PORT_Selector_1_reg[0]/C
Min Period        n/a     FDCE/C   n/a            1.000         33.333      32.333     SLICE_X22Y96   parser_i/mdm_1/U0/MDM_Core_I1/Use_BSCAN.PORT_Selector_1_reg[1]/C
Min Period        n/a     FDCE/C   n/a            1.000         33.333      32.333     SLICE_X22Y96   parser_i/mdm_1/U0/MDM_Core_I1/Use_BSCAN.PORT_Selector_1_reg[2]/C
Min Period        n/a     FDCE/C   n/a            1.000         33.333      32.333     SLICE_X22Y96   parser_i/mdm_1/U0/MDM_Core_I1/Use_BSCAN.PORT_Selector_1_reg[3]/C
Min Period        n/a     FDCE/C   n/a            1.000         33.333      32.333     SLICE_X22Y95   parser_i/mdm_1/U0/MDM_Core_I1/Use_BSCAN.PORT_Selector_reg[0]/C
Min Period        n/a     FDCE/C   n/a            1.000         33.333      32.333     SLICE_X22Y95   parser_i/mdm_1/U0/MDM_Core_I1/Use_BSCAN.PORT_Selector_reg[1]/C
Min Period        n/a     FDCE/C   n/a            1.000         33.333      32.333     SLICE_X22Y95   parser_i/mdm_1/U0/MDM_Core_I1/Use_BSCAN.PORT_Selector_reg[2]/C
Min Period        n/a     FDCE/C   n/a            1.000         33.333      32.333     SLICE_X22Y95   parser_i/mdm_1/U0/MDM_Core_I1/Use_BSCAN.PORT_Selector_reg[3]/C
Min Period        n/a     FDRE/C   n/a            1.000         33.333      32.333     SLICE_X15Y94   parser_i/mdm_1/U0/MDM_Core_I1/JTAG_CONTROL_I/Debug_Rst_i_reg/C
Low Pulse Width   Slow    FDCE/C   n/a            0.500         16.667      16.167     SLICE_X22Y96   parser_i/mdm_1/U0/MDM_Core_I1/Use_BSCAN.PORT_Selector_1_reg[0]/C
Low Pulse Width   Fast    FDCE/C   n/a            0.500         16.666      16.166     SLICE_X22Y96   parser_i/mdm_1/U0/MDM_Core_I1/Use_BSCAN.PORT_Selector_1_reg[0]/C
Low Pulse Width   Slow    FDCE/C   n/a            0.500         16.667      16.167     SLICE_X22Y96   parser_i/mdm_1/U0/MDM_Core_I1/Use_BSCAN.PORT_Selector_1_reg[1]/C
Low Pulse Width   Fast    FDCE/C   n/a            0.500         16.666      16.166     SLICE_X22Y96   parser_i/mdm_1/U0/MDM_Core_I1/Use_BSCAN.PORT_Selector_1_reg[1]/C
Low Pulse Width   Slow    FDCE/C   n/a            0.500         16.667      16.167     SLICE_X22Y96   parser_i/mdm_1/U0/MDM_Core_I1/Use_BSCAN.PORT_Selector_1_reg[2]/C
Low Pulse Width   Fast    FDCE/C   n/a            0.500         16.666      16.166     SLICE_X22Y96   parser_i/mdm_1/U0/MDM_Core_I1/Use_BSCAN.PORT_Selector_1_reg[2]/C
Low Pulse Width   Slow    FDCE/C   n/a            0.500         16.667      16.167     SLICE_X22Y96   parser_i/mdm_1/U0/MDM_Core_I1/Use_BSCAN.PORT_Selector_1_reg[3]/C
Low Pulse Width   Fast    FDCE/C   n/a            0.500         16.666      16.166     SLICE_X22Y96   parser_i/mdm_1/U0/MDM_Core_I1/Use_BSCAN.PORT_Selector_1_reg[3]/C
Low Pulse Width   Slow    FDCE/C   n/a            0.500         16.666      16.166     SLICE_X22Y95   parser_i/mdm_1/U0/MDM_Core_I1/Use_BSCAN.PORT_Selector_reg[0]/C
Low Pulse Width   Fast    FDCE/C   n/a            0.500         16.667      16.167     SLICE_X22Y95   parser_i/mdm_1/U0/MDM_Core_I1/Use_BSCAN.PORT_Selector_reg[0]/C
High Pulse Width  Slow    FDCE/C   n/a            0.500         16.666      16.166     SLICE_X22Y96   parser_i/mdm_1/U0/MDM_Core_I1/Use_BSCAN.PORT_Selector_1_reg[0]/C
High Pulse Width  Fast    FDCE/C   n/a            0.500         16.667      16.167     SLICE_X22Y96   parser_i/mdm_1/U0/MDM_Core_I1/Use_BSCAN.PORT_Selector_1_reg[0]/C
High Pulse Width  Slow    FDCE/C   n/a            0.500         16.666      16.166     SLICE_X22Y96   parser_i/mdm_1/U0/MDM_Core_I1/Use_BSCAN.PORT_Selector_1_reg[1]/C
High Pulse Width  Fast    FDCE/C   n/a            0.500         16.667      16.167     SLICE_X22Y96   parser_i/mdm_1/U0/MDM_Core_I1/Use_BSCAN.PORT_Selector_1_reg[1]/C
High Pulse Width  Slow    FDCE/C   n/a            0.500         16.666      16.166     SLICE_X22Y96   parser_i/mdm_1/U0/MDM_Core_I1/Use_BSCAN.PORT_Selector_1_reg[2]/C
High Pulse Width  Fast    FDCE/C   n/a            0.500         16.667      16.167     SLICE_X22Y96   parser_i/mdm_1/U0/MDM_Core_I1/Use_BSCAN.PORT_Selector_1_reg[2]/C
High Pulse Width  Slow    FDCE/C   n/a            0.500         16.666      16.166     SLICE_X22Y96   parser_i/mdm_1/U0/MDM_Core_I1/Use_BSCAN.PORT_Selector_1_reg[3]/C
High Pulse Width  Fast    FDCE/C   n/a            0.500         16.667      16.167     SLICE_X22Y96   parser_i/mdm_1/U0/MDM_Core_I1/Use_BSCAN.PORT_Selector_1_reg[3]/C
High Pulse Width  Slow    FDCE/C   n/a            0.500         16.667      16.167     SLICE_X22Y95   parser_i/mdm_1/U0/MDM_Core_I1/Use_BSCAN.PORT_Selector_reg[0]/C
High Pulse Width  Fast    FDCE/C   n/a            0.500         16.666      16.166     SLICE_X22Y95   parser_i/mdm_1/U0/MDM_Core_I1/Use_BSCAN.PORT_Selector_reg[0]/C



---------------------------------------------------------------------------------------------------
From Clock:  sys_clock
  To Clock:  sys_clock

Setup :           NA  Failing Endpoints,  Worst Slack           NA  ,  Total Violation           NA
Hold  :           NA  Failing Endpoints,  Worst Slack           NA  ,  Total Violation           NA
PW    :            0  Failing Endpoints,  Worst Slack        3.000ns,  Total Violation        0.000ns
---------------------------------------------------------------------------------------------------


Pulse Width Checks
--------------------------------------------------------------------------------------
Clock Name:         sys_clock
Waveform(ns):       { 0.000 5.000 }
Period(ns):         10.000
Sources:            { sys_clock }

Check Type        Corner  Lib Pin            Reference Pin  Required(ns)  Actual(ns)  Slack(ns)  Location         Pin
Min Period        n/a     MMCME2_ADV/CLKIN1  n/a            1.249         10.000      8.751      MMCME2_ADV_X1Y2  parser_i/clk_wiz_0/inst/mmcm_adv_inst/CLKIN1
Max Period        n/a     MMCME2_ADV/CLKIN1  n/a            100.000       10.000      90.000     MMCME2_ADV_X1Y2  parser_i/clk_wiz_0/inst/mmcm_adv_inst/CLKIN1
Low Pulse Width   Slow    MMCME2_ADV/CLKIN1  n/a            2.000         5.000       3.000      MMCME2_ADV_X1Y2  parser_i/clk_wiz_0/inst/mmcm_adv_inst/CLKIN1
Low Pulse Width   Fast    MMCME2_ADV/CLKIN1  n/a            2.000         5.000       3.000      MMCME2_ADV_X1Y2  parser_i/clk_wiz_0/inst/mmcm_adv_inst/CLKIN1
High Pulse Width  Slow    MMCME2_ADV/CLKIN1  n/a            2.000         5.000       3.000      MMCME2_ADV_X1Y2  parser_i/clk_wiz_0/inst/mmcm_adv_inst/CLKIN1
High Pulse Width  Fast    MMCME2_ADV/CLKIN1  n/a            2.000         5.000       3.000      MMCME2_ADV_X1Y2  parser_i/clk_wiz_0/inst/mmcm_adv_inst/CLKIN1



---------------------------------------------------------------------------------------------------
From Clock:  clk_out1_parser_clk_wiz_0_0
  To Clock:  clk_out1_parser_clk_wiz_0_0

Setup :            0  Failing Endpoints,  Worst Slack        1.098ns,  Total Violation        0.000ns
Hold  :            0  Failing Endpoints,  Worst Slack        0.058ns,  Total Violation        0.000ns
PW    :            0  Failing Endpoints,  Worst Slack        3.750ns,  Total Violation        0.000ns
---------------------------------------------------------------------------------------------------


Max Delay Paths
--------------------------------------------------------------------------------------
Slack (MET) :             1.098ns  (required time - arrival time)
  Source:                 parser_i/microblaze_0/U0/MicroBlaze_Core_I/Use_Async_Reset.sync_reset_reg/C
                            (rising edge-triggered cell FDRE clocked by clk_out1_parser_clk_wiz_0_0  {rise@0.000ns fall@5.000ns period=10.000ns})
  Destination:            parser_i/microblaze_0/U0/MicroBlaze_Core_I/Performance.Core/Decode_I/PC_Module_I/Instruction_Prefetch_Mux[15].Gen_Instr_DFF/Using_FPGA.Native/R
                            (rising edge-triggered cell FDRE clocked by clk_out1_parser_clk_wiz_0_0  {rise@0.000ns fall@5.000ns period=10.000ns})
  Path Group:             clk_out1_parser_clk_wiz_0_0
  Path Type:              Setup (Max at Slow Process Corner)
  Requirement:            10.000ns  (clk_out1_parser_clk_wiz_0_0 rise@10.000ns - clk_out1_parser_clk_wiz_0_0 rise@0.000ns)
  Data Path Delay:        8.332ns  (logic 0.518ns (6.217%)  route 7.814ns (93.783%))
  Logic Levels:           0  
  Clock Path Skew:        -0.067ns (DCD - SCD + CPR)
    Destination Clock Delay (DCD):    -1.504ns = ( 8.496 - 10.000 ) 
    Source Clock Delay      (SCD):    -0.875ns
    Clock Pessimism Removal (CPR):    0.562ns
  Clock Uncertainty:      0.074ns  ((TSJ^2 + DJ^2)^1/2) / 2 + PE
    Total System Jitter     (TSJ):    0.071ns
    Discrete Jitter          (DJ):    0.131ns
    Phase Error              (PE):    0.000ns

    Location             Delay type                Incr(ns)  Path(ns)    Netlist Resource(s)
  -------------------------------------------------------------------    -------------------
                         (clock clk_out1_parser_clk_wiz_0_0 rise edge)
                                                      0.000     0.000 r  
    R4                                                0.000     0.000 r  sys_clock (IN)
                         net (fo=0)                   0.000     0.000    parser_i/clk_wiz_0/inst/clk_in1
    R4                   IBUF (Prop_ibuf_I_O)         1.475     1.475 r  parser_i/clk_wiz_0/inst/clkin1_ibufg/O
                         net (fo=1, routed)           1.233     2.708    parser_i/clk_wiz_0/inst/clk_in1_parser_clk_wiz_0_0
    MMCME2_ADV_X1Y2      MMCME2_ADV (Prop_mmcme2_adv_CLKIN1_CLKOUT0)
                                                     -7.432    -4.724 r  parser_i/clk_wiz_0/inst/mmcm_adv_inst/CLKOUT0
                         net (fo=1, routed)           1.808    -2.915    parser_i/clk_wiz_0/inst/clk_out1_parser_clk_wiz_0_0
    BUFGCTRL_X0Y0        BUFG (Prop_bufg_I_O)         0.096    -2.819 r  parser_i/clk_wiz_0/inst/clkout1_buf/O
                         net (fo=3997, routed)        1.944    -0.875    parser_i/microblaze_0/U0/MicroBlaze_Core_I/Clk
    SLICE_X12Y91         FDRE                                         r  parser_i/microblaze_0/U0/MicroBlaze_Core_I/Use_Async_Reset.sync_reset_reg/C
  -------------------------------------------------------------------    -------------------
    SLICE_X12Y91         FDRE (Prop_fdre_C_Q)         0.518    -0.357 r  parser_i/microblaze_0/U0/MicroBlaze_Core_I/Use_Async_Reset.sync_reset_reg/Q
                         net (fo=847, routed)         7.814     7.457    parser_i/microblaze_0/U0/MicroBlaze_Core_I/Performance.Core/Decode_I/PC_Module_I/Instruction_Prefetch_Mux[15].Gen_Instr_DFF/sync_reset
    SLICE_X39Y78         FDRE                                         r  parser_i/microblaze_0/U0/MicroBlaze_Core_I/Performance.Core/Decode_I/PC_Module_I/Instruction_Prefetch_Mux[15].Gen_Instr_DFF/Using_FPGA.Native/R
  -------------------------------------------------------------------    -------------------

                         (clock clk_out1_parser_clk_wiz_0_0 rise edge)
                                                     10.000    10.000 r  
    R4                                                0.000    10.000 r  sys_clock (IN)
                         net (fo=0)                   0.000    10.000    parser_i/clk_wiz_0/inst/clk_in1
    R4                   IBUF (Prop_ibuf_I_O)         1.405    11.405 r  parser_i/clk_wiz_0/inst/clkin1_ibufg/O
                         net (fo=1, routed)           1.162    12.567    parser_i/clk_wiz_0/inst/clk_in1_parser_clk_wiz_0_0
    MMCME2_ADV_X1Y2      MMCME2_ADV (Prop_mmcme2_adv_CLKIN1_CLKOUT0)
                                                     -7.674     4.893 r  parser_i/clk_wiz_0/inst/mmcm_adv_inst/CLKOUT0
                         net (fo=1, routed)           1.723     6.616    parser_i/clk_wiz_0/inst/clk_out1_parser_clk_wiz_0_0
    BUFGCTRL_X0Y0        BUFG (Prop_bufg_I_O)         0.091     6.707 r  parser_i/clk_wiz_0/inst/clkout1_buf/O
                         net (fo=3997, routed)        1.789     8.496    parser_i/microblaze_0/U0/MicroBlaze_Core_I/Performance.Core/Decode_I/PC_Module_I/Instruction_Prefetch_Mux[15].Gen_Instr_DFF/Clk
    SLICE_X39Y78         FDRE                                         r  parser_i/microblaze_0/U0/MicroBlaze_Core_I/Performance.Core/Decode_I/PC_Module_I/Instruction_Prefetch_Mux[15].Gen_Instr_DFF/Using_FPGA.Native/C
                         clock pessimism              0.562     9.058    
                         clock uncertainty           -0.074     8.984    
    SLICE_X39Y78         FDRE (Setup_fdre_C_R)       -0.429     8.555    parser_i/microblaze_0/U0/MicroBlaze_Core_I/Performance.Core/Decode_I/PC_Module_I/Instruction_Prefetch_Mux[15].Gen_Instr_DFF/Using_FPGA.Native
  -------------------------------------------------------------------
                         required time                          8.555    
                         arrival time                          -7.457    
  -------------------------------------------------------------------
                         slack                                  1.098    

Slack (MET) :             1.230ns  (required time - arrival time)
  Source:                 parser_i/microblaze_0/U0/MicroBlaze_Core_I/Use_Async_Reset.sync_reset_reg/C
                            (rising edge-triggered cell FDRE clocked by clk_out1_parser_clk_wiz_0_0  {rise@0.000ns fall@5.000ns period=10.000ns})
  Destination:            parser_i/microblaze_0/U0/MicroBlaze_Core_I/Performance.Core/Data_Flow_I/Operand_Select_I/EX_Op1_reg[17]/R
                            (rising edge-triggered cell FDRE clocked by clk_out1_parser_clk_wiz_0_0  {rise@0.000ns fall@5.000ns period=10.000ns})
  Path Group:             clk_out1_parser_clk_wiz_0_0
  Path Type:              Setup (Max at Slow Process Corner)
  Requirement:            10.000ns  (clk_out1_parser_clk_wiz_0_0 rise@10.000ns - clk_out1_parser_clk_wiz_0_0 rise@0.000ns)
  Data Path Delay:        8.198ns  (logic 0.518ns (6.319%)  route 7.680ns (93.681%))
  Logic Levels:           0  
  Clock Path Skew:        -0.069ns (DCD - SCD + CPR)
    Destination Clock Delay (DCD):    -1.506ns = ( 8.494 - 10.000 ) 
    Source Clock Delay      (SCD):    -0.875ns
    Clock Pessimism Removal (CPR):    0.562ns
  Clock Uncertainty:      0.074ns  ((TSJ^2 + DJ^2)^1/2) / 2 + PE
    Total System Jitter     (TSJ):    0.071ns
    Discrete Jitter          (DJ):    0.131ns
    Phase Error              (PE):    0.000ns

    Location             Delay type                Incr(ns)  Path(ns)    Netlist Resource(s)
  -------------------------------------------------------------------    -------------------
                         (clock clk_out1_parser_clk_wiz_0_0 rise edge)
                                                      0.000     0.000 r  
    R4                                                0.000     0.000 r  sys_clock (IN)
                         net (fo=0)                   0.000     0.000    parser_i/clk_wiz_0/inst/clk_in1
    R4                   IBUF (Prop_ibuf_I_O)         1.475     1.475 r  parser_i/clk_wiz_0/inst/clkin1_ibufg/O
                         net (fo=1, routed)           1.233     2.708    parser_i/clk_wiz_0/inst/clk_in1_parser_clk_wiz_0_0
    MMCME2_ADV_X1Y2      MMCME2_ADV (Prop_mmcme2_adv_CLKIN1_CLKOUT0)
                                                     -7.432    -4.724 r  parser_i/clk_wiz_0/inst/mmcm_adv_inst/CLKOUT0
                         net (fo=1, routed)           1.808    -2.915    parser_i/clk_wiz_0/inst/clk_out1_parser_clk_wiz_0_0
    BUFGCTRL_X0Y0        BUFG (Prop_bufg_I_O)         0.096    -2.819 r  parser_i/clk_wiz_0/inst/clkout1_buf/O
                         net (fo=3997, routed)        1.944    -0.875    parser_i/microblaze_0/U0/MicroBlaze_Core_I/Clk
    SLICE_X12Y91         FDRE                                         r  parser_i/microblaze_0/U0/MicroBlaze_Core_I/Use_Async_Reset.sync_reset_reg/C
  -------------------------------------------------------------------    -------------------
    SLICE_X12Y91         FDRE (Prop_fdre_C_Q)         0.518    -0.357 r  parser_i/microblaze_0/U0/MicroBlaze_Core_I/Use_Async_Reset.sync_reset_reg/Q
                         net (fo=847, routed)         7.680     7.323    parser_i/microblaze_0/U0/MicroBlaze_Core_I/Performance.Core/Data_Flow_I/Operand_Select_I/sync_reset
    SLICE_X38Y77         FDRE                                         r  parser_i/microblaze_0/U0/MicroBlaze_Core_I/Performance.Core/Data_Flow_I/Operand_Select_I/EX_Op1_reg[17]/R
  -------------------------------------------------------------------    -------------------

                         (clock clk_out1_parser_clk_wiz_0_0 rise edge)
                                                     10.000    10.000 r  
    R4                                                0.000    10.000 r  sys_clock (IN)
                         net (fo=0)                   0.000    10.000    parser_i/clk_wiz_0/inst/clk_in1
    R4                   IBUF (Prop_ibuf_I_O)         1.405    11.405 r  parser_i/clk_wiz_0/inst/clkin1_ibufg/O
                         net (fo=1, routed)           1.162    12.567    parser_i/clk_wiz_0/inst/clk_in1_parser_clk_wiz_0_0
    MMCME2_ADV_X1Y2      MMCME2_ADV (Prop_mmcme2_adv_CLKIN1_CLKOUT0)
                                                     -7.674     4.893 r  parser_i/clk_wiz_0/inst/mmcm_adv_inst/CLKOUT0
                         net (fo=1, routed)           1.723     6.616    parser_i/clk_wiz_0/inst/clk_out1_parser_clk_wiz_0_0
    BUFGCTRL_X0Y0        BUFG (Prop_bufg_I_O)         0.091     6.707 r  parser_i/clk_wiz_0/inst/clkout1_buf/O
                         net (fo=3997, routed)        1.787     8.494    parser_i/microblaze_0/U0/MicroBlaze_Core_I/Performance.Core/Data_Flow_I/Operand_Select_I/Clk
    SLICE_X38Y77         FDRE                                         r  parser_i/microblaze_0/U0/MicroBlaze_Core_I/Performance.Core/Data_Flow_I/Operand_Select_I/EX_Op1_reg[17]/C
                         clock pessimism              0.562     9.056    
                         clock uncertainty           -0.074     8.982    
    SLICE_X38Y77         FDRE (Setup_fdre_C_R)       -0.429     8.553    parser_i/microblaze_0/U0/MicroBlaze_Core_I/Performance.Core/Data_Flow_I/Operand_Select_I/EX_Op1_reg[17]
  -------------------------------------------------------------------
                         required time                          8.553    
                         arrival time                          -7.323    
  -------------------------------------------------------------------
                         slack                                  1.230    

Slack (MET) :             1.234ns  (required time - arrival time)
  Source:                 parser_i/microblaze_0/U0/MicroBlaze_Core_I/Use_Async_Reset.sync_reset_reg/C
                            (rising edge-triggered cell FDRE clocked by clk_out1_parser_clk_wiz_0_0  {rise@0.000ns fall@5.000ns period=10.000ns})
  Destination:            parser_i/microblaze_0/U0/MicroBlaze_Core_I/Performance.Core/Data_Flow_I/Operand_Select_I/EX_Op1_reg[16]/R
                            (rising edge-triggered cell FDRE clocked by clk_out1_parser_clk_wiz_0_0  {rise@0.000ns fall@5.000ns period=10.000ns})
  Path Group:             clk_out1_parser_clk_wiz_0_0
  Path Type:              Setup (Max at Slow Process Corner)
  Requirement:            10.000ns  (clk_out1_parser_clk_wiz_0_0 rise@10.000ns - clk_out1_parser_clk_wiz_0_0 rise@0.000ns)
  Data Path Delay:        8.193ns  (logic 0.518ns (6.322%)  route 7.675ns (93.678%))
  Logic Levels:           0  
  Clock Path Skew:        -0.069ns (DCD - SCD + CPR)
    Destination Clock Delay (DCD):    -1.506ns = ( 8.494 - 10.000 ) 
    Source Clock Delay      (SCD):    -0.875ns
    Clock Pessimism Removal (CPR):    0.562ns
  Clock Uncertainty:      0.074ns  ((TSJ^2 + DJ^2)^1/2) / 2 + PE
    Total System Jitter     (TSJ):    0.071ns
    Discrete Jitter          (DJ):    0.131ns
    Phase Error              (PE):    0.000ns

    Location             Delay type                Incr(ns)  Path(ns)    Netlist Resource(s)
  -------------------------------------------------------------------    -------------------
                         (clock clk_out1_parser_clk_wiz_0_0 rise edge)
                                                      0.000     0.000 r  
    R4                                                0.000     0.000 r  sys_clock (IN)
                         net (fo=0)                   0.000     0.000    parser_i/clk_wiz_0/inst/clk_in1
    R4                   IBUF (Prop_ibuf_I_O)         1.475     1.475 r  parser_i/clk_wiz_0/inst/clkin1_ibufg/O
                         net (fo=1, routed)           1.233     2.708    parser_i/clk_wiz_0/inst/clk_in1_parser_clk_wiz_0_0
    MMCME2_ADV_X1Y2      MMCME2_ADV (Prop_mmcme2_adv_CLKIN1_CLKOUT0)
                                                     -7.432    -4.724 r  parser_i/clk_wiz_0/inst/mmcm_adv_inst/CLKOUT0
                         net (fo=1, routed)           1.808    -2.915    parser_i/clk_wiz_0/inst/clk_out1_parser_clk_wiz_0_0
    BUFGCTRL_X0Y0        BUFG (Prop_bufg_I_O)         0.096    -2.819 r  parser_i/clk_wiz_0/inst/clkout1_buf/O
                         net (fo=3997, routed)        1.944    -0.875    parser_i/microblaze_0/U0/MicroBlaze_Core_I/Clk
    SLICE_X12Y91         FDRE                                         r  parser_i/microblaze_0/U0/MicroBlaze_Core_I/Use_Async_Reset.sync_reset_reg/C
  -------------------------------------------------------------------    -------------------
    SLICE_X12Y91         FDRE (Prop_fdre_C_Q)         0.518    -0.357 r  parser_i/microblaze_0/U0/MicroBlaze_Core_I/Use_Async_Reset.sync_reset_reg/Q
                         net (fo=847, routed)         7.675     7.319    parser_i/microblaze_0/U0/MicroBlaze_Core_I/Performance.Core/Data_Flow_I/Operand_Select_I/sync_reset
    SLICE_X39Y77         FDRE                                         r  parser_i/microblaze_0/U0/MicroBlaze_Core_I/Performance.Core/Data_Flow_I/Operand_Select_I/EX_Op1_reg[16]/R
  -------------------------------------------------------------------    -------------------

                         (clock clk_out1_parser_clk_wiz_0_0 rise edge)
                                                     10.000    10.000 r  
    R4                                                0.000    10.000 r  sys_clock (IN)
                         net (fo=0)                   0.000    10.000    parser_i/clk_wiz_0/inst/clk_in1
    R4                   IBUF (Prop_ibuf_I_O)         1.405    11.405 r  parser_i/clk_wiz_0/inst/clkin1_ibufg/O
                         net (fo=1, routed)           1.162    12.567    parser_i/clk_wiz_0/inst/clk_in1_parser_clk_wiz_0_0
    MMCME2_ADV_X1Y2      MMCME2_ADV (Prop_mmcme2_adv_CLKIN1_CLKOUT0)
                                                     -7.674     4.893 r  parser_i/clk_wiz_0/inst/mmcm_adv_inst/CLKOUT0
                         net (fo=1, routed)           1.723     6.616    parser_i/clk_wiz_0/inst/clk_out1_parser_clk_wiz_0_0
    BUFGCTRL_X0Y0        BUFG (Prop_bufg_I_O)         0.091     6.707 r  parser_i/clk_wiz_0/inst/clkout1_buf/O
                         net (fo=3997, routed)        1.787     8.494    parser_i/microblaze_0/U0/MicroBlaze_Core_I/Performance.Core/Data_Flow_I/Operand_Select_I/Clk
    SLICE_X39Y77         FDRE                                         r  parser_i/microblaze_0/U0/MicroBlaze_Core_I/Performance.Core/Data_Flow_I/Operand_Select_I/EX_Op1_reg[16]/C
                         clock pessimism              0.562     9.056    
                         clock uncertainty           -0.074     8.982    
    SLICE_X39Y77         FDRE (Setup_fdre_C_R)       -0.429     8.553    parser_i/microblaze_0/U0/MicroBlaze_Core_I/Performance.Core/Data_Flow_I/Operand_Select_I/EX_Op1_reg[16]
  -------------------------------------------------------------------
                         required time                          8.553    
                         arrival time                          -7.319    
  -------------------------------------------------------------------
                         slack                                  1.234    

Slack (MET) :             1.234ns  (required time - arrival time)
  Source:                 parser_i/microblaze_0/U0/MicroBlaze_Core_I/Use_Async_Reset.sync_reset_reg/C
                            (rising edge-triggered cell FDRE clocked by clk_out1_parser_clk_wiz_0_0  {rise@0.000ns fall@5.000ns period=10.000ns})
  Destination:            parser_i/microblaze_0/U0/MicroBlaze_Core_I/Performance.Core/Data_Flow_I/Operand_Select_I/EX_Op2_reg[16]/R
                            (rising edge-triggered cell FDRE clocked by clk_out1_parser_clk_wiz_0_0  {rise@0.000ns fall@5.000ns period=10.000ns})
  Path Group:             clk_out1_parser_clk_wiz_0_0
  Path Type:              Setup (Max at Slow Process Corner)
  Requirement:            10.000ns  (clk_out1_parser_clk_wiz_0_0 rise@10.000ns - clk_out1_parser_clk_wiz_0_0 rise@0.000ns)
  Data Path Delay:        8.193ns  (logic 0.518ns (6.322%)  route 7.675ns (93.678%))
  Logic Levels:           0  
  Clock Path Skew:        -0.069ns (DCD - SCD + CPR)
    Destination Clock Delay (DCD):    -1.506ns = ( 8.494 - 10.000 ) 
    Source Clock Delay      (SCD):    -0.875ns
    Clock Pessimism Removal (CPR):    0.562ns
  Clock Uncertainty:      0.074ns  ((TSJ^2 + DJ^2)^1/2) / 2 + PE
    Total System Jitter     (TSJ):    0.071ns
    Discrete Jitter          (DJ):    0.131ns
    Phase Error              (PE):    0.000ns

    Location             Delay type                Incr(ns)  Path(ns)    Netlist Resource(s)
  -------------------------------------------------------------------    -------------------
                         (clock clk_out1_parser_clk_wiz_0_0 rise edge)
                                                      0.000     0.000 r  
    R4                                                0.000     0.000 r  sys_clock (IN)
                         net (fo=0)                   0.000     0.000    parser_i/clk_wiz_0/inst/clk_in1
    R4                   IBUF (Prop_ibuf_I_O)         1.475     1.475 r  parser_i/clk_wiz_0/inst/clkin1_ibufg/O
                         net (fo=1, routed)           1.233     2.708    parser_i/clk_wiz_0/inst/clk_in1_parser_clk_wiz_0_0
    MMCME2_ADV_X1Y2      MMCME2_ADV (Prop_mmcme2_adv_CLKIN1_CLKOUT0)
                                                     -7.432    -4.724 r  parser_i/clk_wiz_0/inst/mmcm_adv_inst/CLKOUT0
                         net (fo=1, routed)           1.808    -2.915    parser_i/clk_wiz_0/inst/clk_out1_parser_clk_wiz_0_0
    BUFGCTRL_X0Y0        BUFG (Prop_bufg_I_O)         0.096    -2.819 r  parser_i/clk_wiz_0/inst/clkout1_buf/O
                         net (fo=3997, routed)        1.944    -0.875    parser_i/microblaze_0/U0/MicroBlaze_Core_I/Clk
    SLICE_X12Y91         FDRE                                         r  parser_i/microblaze_0/U0/MicroBlaze_Core_I/Use_Async_Reset.sync_reset_reg/C
  -------------------------------------------------------------------    -------------------
    SLICE_X12Y91         FDRE (Prop_fdre_C_Q)         0.518    -0.357 r  parser_i/microblaze_0/U0/MicroBlaze_Core_I/Use_Async_Reset.sync_reset_reg/Q
                         net (fo=847, routed)         7.675     7.319    parser_i/microblaze_0/U0/MicroBlaze_Core_I/Performance.Core/Data_Flow_I/Operand_Select_I/sync_reset
    SLICE_X39Y77         FDRE                                         r  parser_i/microblaze_0/U0/MicroBlaze_Core_I/Performance.Core/Data_Flow_I/Operand_Select_I/EX_Op2_reg[16]/R
  -------------------------------------------------------------------    -------------------

                         (clock clk_out1_parser_clk_wiz_0_0 rise edge)
                                                     10.000    10.000 r  
    R4                                                0.000    10.000 r  sys_clock (IN)
                         net (fo=0)                   0.000    10.000    parser_i/clk_wiz_0/inst/clk_in1
    R4                   IBUF (Prop_ibuf_I_O)         1.405    11.405 r  parser_i/clk_wiz_0/inst/clkin1_ibufg/O
                         net (fo=1, routed)           1.162    12.567    parser_i/clk_wiz_0/inst/clk_in1_parser_clk_wiz_0_0
    MMCME2_ADV_X1Y2      MMCME2_ADV (Prop_mmcme2_adv_CLKIN1_CLKOUT0)
                                                     -7.674     4.893 r  parser_i/clk_wiz_0/inst/mmcm_adv_inst/CLKOUT0
                         net (fo=1, routed)           1.723     6.616    parser_i/clk_wiz_0/inst/clk_out1_parser_clk_wiz_0_0
    BUFGCTRL_X0Y0        BUFG (Prop_bufg_I_O)         0.091     6.707 r  parser_i/clk_wiz_0/inst/clkout1_buf/O
                         net (fo=3997, routed)        1.787     8.494    parser_i/microblaze_0/U0/MicroBlaze_Core_I/Performance.Core/Data_Flow_I/Operand_Select_I/Clk
    SLICE_X39Y77         FDRE                                         r  parser_i/microblaze_0/U0/MicroBlaze_Core_I/Performance.Core/Data_Flow_I/Operand_Select_I/EX_Op2_reg[16]/C
                         clock pessimism              0.562     9.056    
                         clock uncertainty           -0.074     8.982    
    SLICE_X39Y77         FDRE (Setup_fdre_C_R)       -0.429     8.553    parser_i/microblaze_0/U0/MicroBlaze_Core_I/Performance.Core/Data_Flow_I/Operand_Select_I/EX_Op2_reg[16]
  -------------------------------------------------------------------
                         required time                          8.553    
                         arrival time                          -7.319    
  -------------------------------------------------------------------
                         slack                                  1.234    

Slack (MET) :             1.384ns  (required time - arrival time)
  Source:                 parser_i/microblaze_0/U0/MicroBlaze_Core_I/Use_Async_Reset.sync_reset_reg/C
                            (rising edge-triggered cell FDRE clocked by clk_out1_parser_clk_wiz_0_0  {rise@0.000ns fall@5.000ns period=10.000ns})
  Destination:            parser_i/microblaze_0/U0/MicroBlaze_Core_I/Performance.Core/Decode_I/PC_Module_I/Instruction_Prefetch_Mux[20].Gen_Instr_DFF/Using_FPGA.Native/R
                            (rising edge-triggered cell FDRE clocked by clk_out1_parser_clk_wiz_0_0  {rise@0.000ns fall@5.000ns period=10.000ns})
  Path Group:             clk_out1_parser_clk_wiz_0_0
  Path Type:              Setup (Max at Slow Process Corner)
  Requirement:            10.000ns  (clk_out1_parser_clk_wiz_0_0 rise@10.000ns - clk_out1_parser_clk_wiz_0_0 rise@0.000ns)
  Data Path Delay:        8.042ns  (logic 0.518ns (6.441%)  route 7.524ns (93.559%))
  Logic Levels:           0  
  Clock Path Skew:        -0.070ns (DCD - SCD + CPR)
    Destination Clock Delay (DCD):    -1.507ns = ( 8.493 - 10.000 ) 
    Source Clock Delay      (SCD):    -0.875ns
    Clock Pessimism Removal (CPR):    0.562ns
  Clock Uncertainty:      0.074ns  ((TSJ^2 + DJ^2)^1/2) / 2 + PE
    Total System Jitter     (TSJ):    0.071ns
    Discrete Jitter          (DJ):    0.131ns
    Phase Error              (PE):    0.000ns

    Location             Delay type                Incr(ns)  Path(ns)    Netlist Resource(s)
  -------------------------------------------------------------------    -------------------
                         (clock clk_out1_parser_clk_wiz_0_0 rise edge)
                                                      0.000     0.000 r  
    R4                                                0.000     0.000 r  sys_clock (IN)
                         net (fo=0)                   0.000     0.000    parser_i/clk_wiz_0/inst/clk_in1
    R4                   IBUF (Prop_ibuf_I_O)         1.475     1.475 r  parser_i/clk_wiz_0/inst/clkin1_ibufg/O
                         net (fo=1, routed)           1.233     2.708    parser_i/clk_wiz_0/inst/clk_in1_parser_clk_wiz_0_0
    MMCME2_ADV_X1Y2      MMCME2_ADV (Prop_mmcme2_adv_CLKIN1_CLKOUT0)
                                                     -7.432    -4.724 r  parser_i/clk_wiz_0/inst/mmcm_adv_inst/CLKOUT0
                         net (fo=1, routed)           1.808    -2.915    parser_i/clk_wiz_0/inst/clk_out1_parser_clk_wiz_0_0
    BUFGCTRL_X0Y0        BUFG (Prop_bufg_I_O)         0.096    -2.819 r  parser_i/clk_wiz_0/inst/clkout1_buf/O
                         net (fo=3997, routed)        1.944    -0.875    parser_i/microblaze_0/U0/MicroBlaze_Core_I/Clk
    SLICE_X12Y91         FDRE                                         r  parser_i/microblaze_0/U0/MicroBlaze_Core_I/Use_Async_Reset.sync_reset_reg/C
  -------------------------------------------------------------------    -------------------
    SLICE_X12Y91         FDRE (Prop_fdre_C_Q)         0.518    -0.357 r  parser_i/microblaze_0/U0/MicroBlaze_Core_I/Use_Async_Reset.sync_reset_reg/Q
                         net (fo=847, routed)         7.524     7.167    parser_i/microblaze_0/U0/MicroBlaze_Core_I/Performance.Core/Decode_I/PC_Module_I/Instruction_Prefetch_Mux[20].Gen_Instr_DFF/sync_reset
    SLICE_X38Y76         FDRE                                         r  parser_i/microblaze_0/U0/MicroBlaze_Core_I/Performance.Core/Decode_I/PC_Module_I/Instruction_Prefetch_Mux[20].Gen_Instr_DFF/Using_FPGA.Native/R
  -------------------------------------------------------------------    -------------------

                         (clock clk_out1_parser_clk_wiz_0_0 rise edge)
                                                     10.000    10.000 r  
    R4                                                0.000    10.000 r  sys_clock (IN)
                         net (fo=0)                   0.000    10.000    parser_i/clk_wiz_0/inst/clk_in1
    R4                   IBUF (Prop_ibuf_I_O)         1.405    11.405 r  parser_i/clk_wiz_0/inst/clkin1_ibufg/O
                         net (fo=1, routed)           1.162    12.567    parser_i/clk_wiz_0/inst/clk_in1_parser_clk_wiz_0_0
    MMCME2_ADV_X1Y2      MMCME2_ADV (Prop_mmcme2_adv_CLKIN1_CLKOUT0)
                                                     -7.674     4.893 r  parser_i/clk_wiz_0/inst/mmcm_adv_inst/CLKOUT0
                         net (fo=1, routed)           1.723     6.616    parser_i/clk_wiz_0/inst/clk_out1_parser_clk_wiz_0_0
    BUFGCTRL_X0Y0        BUFG (Prop_bufg_I_O)         0.091     6.707 r  parser_i/clk_wiz_0/inst/clkout1_buf/O
                         net (fo=3997, routed)        1.786     8.493    parser_i/microblaze_0/U0/MicroBlaze_Core_I/Performance.Core/Decode_I/PC_Module_I/Instruction_Prefetch_Mux[20].Gen_Instr_DFF/Clk
    SLICE_X38Y76         FDRE                                         r  parser_i/microblaze_0/U0/MicroBlaze_Core_I/Performance.Core/Decode_I/PC_Module_I/Instruction_Prefetch_Mux[20].Gen_Instr_DFF/Using_FPGA.Native/C
                         clock pessimism              0.562     9.055    
                         clock uncertainty           -0.074     8.981    
    SLICE_X38Y76         FDRE (Setup_fdre_C_R)       -0.429     8.552    parser_i/microblaze_0/U0/MicroBlaze_Core_I/Performance.Core/Decode_I/PC_Module_I/Instruction_Prefetch_Mux[20].Gen_Instr_DFF/Using_FPGA.Native
  -------------------------------------------------------------------
                         required time                          8.552    
                         arrival time                          -7.167    
  -------------------------------------------------------------------
                         slack                                  1.384    

Slack (MET) :             1.384ns  (required time - arrival time)
  Source:                 parser_i/microblaze_0/U0/MicroBlaze_Core_I/Use_Async_Reset.sync_reset_reg/C
                            (rising edge-triggered cell FDRE clocked by clk_out1_parser_clk_wiz_0_0  {rise@0.000ns fall@5.000ns period=10.000ns})
  Destination:            parser_i/microblaze_0/U0/MicroBlaze_Core_I/Performance.Core/Decode_I/PC_Module_I/Instruction_Prefetch_Mux[21].Gen_Instr_DFF/Using_FPGA.Native/R
                            (rising edge-triggered cell FDRE clocked by clk_out1_parser_clk_wiz_0_0  {rise@0.000ns fall@5.000ns period=10.000ns})
  Path Group:             clk_out1_parser_clk_wiz_0_0
  Path Type:              Setup (Max at Slow Process Corner)
  Requirement:            10.000ns  (clk_out1_parser_clk_wiz_0_0 rise@10.000ns - clk_out1_parser_clk_wiz_0_0 rise@0.000ns)
  Data Path Delay:        8.042ns  (logic 0.518ns (6.441%)  route 7.524ns (93.559%))
  Logic Levels:           0  
  Clock Path Skew:        -0.070ns (DCD - SCD + CPR)
    Destination Clock Delay (DCD):    -1.507ns = ( 8.493 - 10.000 ) 
    Source Clock Delay      (SCD):    -0.875ns
    Clock Pessimism Removal (CPR):    0.562ns
  Clock Uncertainty:      0.074ns  ((TSJ^2 + DJ^2)^1/2) / 2 + PE
    Total System Jitter     (TSJ):    0.071ns
    Discrete Jitter          (DJ):    0.131ns
    Phase Error              (PE):    0.000ns

    Location             Delay type                Incr(ns)  Path(ns)    Netlist Resource(s)
  -------------------------------------------------------------------    -------------------
                         (clock clk_out1_parser_clk_wiz_0_0 rise edge)
                                                      0.000     0.000 r  
    R4                                                0.000     0.000 r  sys_clock (IN)
                         net (fo=0)                   0.000     0.000    parser_i/clk_wiz_0/inst/clk_in1
    R4                   IBUF (Prop_ibuf_I_O)         1.475     1.475 r  parser_i/clk_wiz_0/inst/clkin1_ibufg/O
                         net (fo=1, routed)           1.233     2.708    parser_i/clk_wiz_0/inst/clk_in1_parser_clk_wiz_0_0
    MMCME2_ADV_X1Y2      MMCME2_ADV (Prop_mmcme2_adv_CLKIN1_CLKOUT0)
                                                     -7.432    -4.724 r  parser_i/clk_wiz_0/inst/mmcm_adv_inst/CLKOUT0
                         net (fo=1, routed)           1.808    -2.915    parser_i/clk_wiz_0/inst/clk_out1_parser_clk_wiz_0_0
    BUFGCTRL_X0Y0        BUFG (Prop_bufg_I_O)         0.096    -2.819 r  parser_i/clk_wiz_0/inst/clkout1_buf/O
                         net (fo=3997, routed)        1.944    -0.875    parser_i/microblaze_0/U0/MicroBlaze_Core_I/Clk
    SLICE_X12Y91         FDRE                                         r  parser_i/microblaze_0/U0/MicroBlaze_Core_I/Use_Async_Reset.sync_reset_reg/C
  -------------------------------------------------------------------    -------------------
    SLICE_X12Y91         FDRE (Prop_fdre_C_Q)         0.518    -0.357 r  parser_i/microblaze_0/U0/MicroBlaze_Core_I/Use_Async_Reset.sync_reset_reg/Q
                         net (fo=847, routed)         7.524     7.167    parser_i/microblaze_0/U0/MicroBlaze_Core_I/Performance.Core/Decode_I/PC_Module_I/Instruction_Prefetch_Mux[21].Gen_Instr_DFF/sync_reset
    SLICE_X38Y76         FDRE                                         r  parser_i/microblaze_0/U0/MicroBlaze_Core_I/Performance.Core/Decode_I/PC_Module_I/Instruction_Prefetch_Mux[21].Gen_Instr_DFF/Using_FPGA.Native/R
  -------------------------------------------------------------------    -------------------

                         (clock clk_out1_parser_clk_wiz_0_0 rise edge)
                                                     10.000    10.000 r  
    R4                                                0.000    10.000 r  sys_clock (IN)
                         net (fo=0)                   0.000    10.000    parser_i/clk_wiz_0/inst/clk_in1
    R4                   IBUF (Prop_ibuf_I_O)         1.405    11.405 r  parser_i/clk_wiz_0/inst/clkin1_ibufg/O
                         net (fo=1, routed)           1.162    12.567    parser_i/clk_wiz_0/inst/clk_in1_parser_clk_wiz_0_0
    MMCME2_ADV_X1Y2      MMCME2_ADV (Prop_mmcme2_adv_CLKIN1_CLKOUT0)
                                                     -7.674     4.893 r  parser_i/clk_wiz_0/inst/mmcm_adv_inst/CLKOUT0
                         net (fo=1, routed)           1.723     6.616    parser_i/clk_wiz_0/inst/clk_out1_parser_clk_wiz_0_0
    BUFGCTRL_X0Y0        BUFG (Prop_bufg_I_O)         0.091     6.707 r  parser_i/clk_wiz_0/inst/clkout1_buf/O
                         net (fo=3997, routed)        1.786     8.493    parser_i/microblaze_0/U0/MicroBlaze_Core_I/Performance.Core/Decode_I/PC_Module_I/Instruction_Prefetch_Mux[21].Gen_Instr_DFF/Clk
    SLICE_X38Y76         FDRE                                         r  parser_i/microblaze_0/U0/MicroBlaze_Core_I/Performance.Core/Decode_I/PC_Module_I/Instruction_Prefetch_Mux[21].Gen_Instr_DFF/Using_FPGA.Native/C
                         clock pessimism              0.562     9.055    
                         clock uncertainty           -0.074     8.981    
    SLICE_X38Y76         FDRE (Setup_fdre_C_R)       -0.429     8.552    parser_i/microblaze_0/U0/MicroBlaze_Core_I/Performance.Core/Decode_I/PC_Module_I/Instruction_Prefetch_Mux[21].Gen_Instr_DFF/Using_FPGA.Native
  -------------------------------------------------------------------
                         required time                          8.552    
                         arrival time                          -7.167    
  -------------------------------------------------------------------
                         slack                                  1.384    

Slack (MET) :             1.496ns  (required time - arrival time)
  Source:                 parser_i/microblaze_0/U0/MicroBlaze_Core_I/Use_Async_Reset.sync_reset_reg/C
                            (rising edge-triggered cell FDRE clocked by clk_out1_parser_clk_wiz_0_0  {rise@0.000ns fall@5.000ns period=10.000ns})
  Destination:            parser_i/microblaze_0/U0/MicroBlaze_Core_I/Performance.Core/Data_Flow_I/Operand_Select_I/EX_Op1_reg[23]/R
                            (rising edge-triggered cell FDRE clocked by clk_out1_parser_clk_wiz_0_0  {rise@0.000ns fall@5.000ns period=10.000ns})
  Path Group:             clk_out1_parser_clk_wiz_0_0
  Path Type:              Setup (Max at Slow Process Corner)
  Requirement:            10.000ns  (clk_out1_parser_clk_wiz_0_0 rise@10.000ns - clk_out1_parser_clk_wiz_0_0 rise@0.000ns)
  Data Path Delay:        7.933ns  (logic 0.518ns (6.529%)  route 7.415ns (93.471%))
  Logic Levels:           0  
  Clock Path Skew:        -0.067ns (DCD - SCD + CPR)
    Destination Clock Delay (DCD):    -1.504ns = ( 8.496 - 10.000 ) 
    Source Clock Delay      (SCD):    -0.875ns
    Clock Pessimism Removal (CPR):    0.562ns
  Clock Uncertainty:      0.074ns  ((TSJ^2 + DJ^2)^1/2) / 2 + PE
    Total System Jitter     (TSJ):    0.071ns
    Discrete Jitter          (DJ):    0.131ns
    Phase Error              (PE):    0.000ns

    Location             Delay type                Incr(ns)  Path(ns)    Netlist Resource(s)
  -------------------------------------------------------------------    -------------------
                         (clock clk_out1_parser_clk_wiz_0_0 rise edge)
                                                      0.000     0.000 r  
    R4                                                0.000     0.000 r  sys_clock (IN)
                         net (fo=0)                   0.000     0.000    parser_i/clk_wiz_0/inst/clk_in1
    R4                   IBUF (Prop_ibuf_I_O)         1.475     1.475 r  parser_i/clk_wiz_0/inst/clkin1_ibufg/O
                         net (fo=1, routed)           1.233     2.708    parser_i/clk_wiz_0/inst/clk_in1_parser_clk_wiz_0_0
    MMCME2_ADV_X1Y2      MMCME2_ADV (Prop_mmcme2_adv_CLKIN1_CLKOUT0)
                                                     -7.432    -4.724 r  parser_i/clk_wiz_0/inst/mmcm_adv_inst/CLKOUT0
                         net (fo=1, routed)           1.808    -2.915    parser_i/clk_wiz_0/inst/clk_out1_parser_clk_wiz_0_0
    BUFGCTRL_X0Y0        BUFG (Prop_bufg_I_O)         0.096    -2.819 r  parser_i/clk_wiz_0/inst/clkout1_buf/O
                         net (fo=3997, routed)        1.944    -0.875    parser_i/microblaze_0/U0/MicroBlaze_Core_I/Clk
    SLICE_X12Y91         FDRE                                         r  parser_i/microblaze_0/U0/MicroBlaze_Core_I/Use_Async_Reset.sync_reset_reg/C
  -------------------------------------------------------------------    -------------------
    SLICE_X12Y91         FDRE (Prop_fdre_C_Q)         0.518    -0.357 r  parser_i/microblaze_0/U0/MicroBlaze_Core_I/Use_Async_Reset.sync_reset_reg/Q
                         net (fo=847, routed)         7.415     7.058    parser_i/microblaze_0/U0/MicroBlaze_Core_I/Performance.Core/Data_Flow_I/Operand_Select_I/sync_reset
    SLICE_X37Y72         FDRE                                         r  parser_i/microblaze_0/U0/MicroBlaze_Core_I/Performance.Core/Data_Flow_I/Operand_Select_I/EX_Op1_reg[23]/R
  -------------------------------------------------------------------    -------------------

                         (clock clk_out1_parser_clk_wiz_0_0 rise edge)
                                                     10.000    10.000 r  
    R4                                                0.000    10.000 r  sys_clock (IN)
                         net (fo=0)                   0.000    10.000    parser_i/clk_wiz_0/inst/clk_in1
    R4                   IBUF (Prop_ibuf_I_O)         1.405    11.405 r  parser_i/clk_wiz_0/inst/clkin1_ibufg/O
                         net (fo=1, routed)           1.162    12.567    parser_i/clk_wiz_0/inst/clk_in1_parser_clk_wiz_0_0
    MMCME2_ADV_X1Y2      MMCME2_ADV (Prop_mmcme2_adv_CLKIN1_CLKOUT0)
                                                     -7.674     4.893 r  parser_i/clk_wiz_0/inst/mmcm_adv_inst/CLKOUT0
                         net (fo=1, routed)           1.723     6.616    parser_i/clk_wiz_0/inst/clk_out1_parser_clk_wiz_0_0
    BUFGCTRL_X0Y0        BUFG (Prop_bufg_I_O)         0.091     6.707 r  parser_i/clk_wiz_0/inst/clkout1_buf/O
                         net (fo=3997, routed)        1.789     8.496    parser_i/microblaze_0/U0/MicroBlaze_Core_I/Performance.Core/Data_Flow_I/Operand_Select_I/Clk
    SLICE_X37Y72         FDRE                                         r  parser_i/microblaze_0/U0/MicroBlaze_Core_I/Performance.Core/Data_Flow_I/Operand_Select_I/EX_Op1_reg[23]/C
                         clock pessimism              0.562     9.058    
                         clock uncertainty           -0.074     8.984    
    SLICE_X37Y72         FDRE (Setup_fdre_C_R)       -0.429     8.555    parser_i/microblaze_0/U0/MicroBlaze_Core_I/Performance.Core/Data_Flow_I/Operand_Select_I/EX_Op1_reg[23]
  -------------------------------------------------------------------
                         required time                          8.555    
                         arrival time                          -7.058    
  -------------------------------------------------------------------
                         slack                                  1.496    

Slack (MET) :             1.496ns  (required time - arrival time)
  Source:                 parser_i/microblaze_0/U0/MicroBlaze_Core_I/Use_Async_Reset.sync_reset_reg/C
                            (rising edge-triggered cell FDRE clocked by clk_out1_parser_clk_wiz_0_0  {rise@0.000ns fall@5.000ns period=10.000ns})
  Destination:            parser_i/microblaze_0/U0/MicroBlaze_Core_I/Performance.Core/Data_Flow_I/Operand_Select_I/EX_Op2_reg[30]/R
                            (rising edge-triggered cell FDRE clocked by clk_out1_parser_clk_wiz_0_0  {rise@0.000ns fall@5.000ns period=10.000ns})
  Path Group:             clk_out1_parser_clk_wiz_0_0
  Path Type:              Setup (Max at Slow Process Corner)
  Requirement:            10.000ns  (clk_out1_parser_clk_wiz_0_0 rise@10.000ns - clk_out1_parser_clk_wiz_0_0 rise@0.000ns)
  Data Path Delay:        7.933ns  (logic 0.518ns (6.529%)  route 7.415ns (93.471%))
  Logic Levels:           0  
  Clock Path Skew:        -0.067ns (DCD - SCD + CPR)
    Destination Clock Delay (DCD):    -1.504ns = ( 8.496 - 10.000 ) 
    Source Clock Delay      (SCD):    -0.875ns
    Clock Pessimism Removal (CPR):    0.562ns
  Clock Uncertainty:      0.074ns  ((TSJ^2 + DJ^2)^1/2) / 2 + PE
    Total System Jitter     (TSJ):    0.071ns
    Discrete Jitter          (DJ):    0.131ns
    Phase Error              (PE):    0.000ns

    Location             Delay type                Incr(ns)  Path(ns)    Netlist Resource(s)
  -------------------------------------------------------------------    -------------------
                         (clock clk_out1_parser_clk_wiz_0_0 rise edge)
                                                      0.000     0.000 r  
    R4                                                0.000     0.000 r  sys_clock (IN)
                         net (fo=0)                   0.000     0.000    parser_i/clk_wiz_0/inst/clk_in1
    R4                   IBUF (Prop_ibuf_I_O)         1.475     1.475 r  parser_i/clk_wiz_0/inst/clkin1_ibufg/O
                         net (fo=1, routed)           1.233     2.708    parser_i/clk_wiz_0/inst/clk_in1_parser_clk_wiz_0_0
    MMCME2_ADV_X1Y2      MMCME2_ADV (Prop_mmcme2_adv_CLKIN1_CLKOUT0)
                                                     -7.432    -4.724 r  parser_i/clk_wiz_0/inst/mmcm_adv_inst/CLKOUT0
                         net (fo=1, routed)           1.808    -2.915    parser_i/clk_wiz_0/inst/clk_out1_parser_clk_wiz_0_0
    BUFGCTRL_X0Y0        BUFG (Prop_bufg_I_O)         0.096    -2.819 r  parser_i/clk_wiz_0/inst/clkout1_buf/O
                         net (fo=3997, routed)        1.944    -0.875    parser_i/microblaze_0/U0/MicroBlaze_Core_I/Clk
    SLICE_X12Y91         FDRE                                         r  parser_i/microblaze_0/U0/MicroBlaze_Core_I/Use_Async_Reset.sync_reset_reg/C
  -------------------------------------------------------------------    -------------------
    SLICE_X12Y91         FDRE (Prop_fdre_C_Q)         0.518    -0.357 r  parser_i/microblaze_0/U0/MicroBlaze_Core_I/Use_Async_Reset.sync_reset_reg/Q
                         net (fo=847, routed)         7.415     7.058    parser_i/microblaze_0/U0/MicroBlaze_Core_I/Performance.Core/Data_Flow_I/Operand_Select_I/sync_reset
    SLICE_X37Y72         FDRE                                         r  parser_i/microblaze_0/U0/MicroBlaze_Core_I/Performance.Core/Data_Flow_I/Operand_Select_I/EX_Op2_reg[30]/R
  -------------------------------------------------------------------    -------------------

                         (clock clk_out1_parser_clk_wiz_0_0 rise edge)
                                                     10.000    10.000 r  
    R4                                                0.000    10.000 r  sys_clock (IN)
                         net (fo=0)                   0.000    10.000    parser_i/clk_wiz_0/inst/clk_in1
    R4                   IBUF (Prop_ibuf_I_O)         1.405    11.405 r  parser_i/clk_wiz_0/inst/clkin1_ibufg/O
                         net (fo=1, routed)           1.162    12.567    parser_i/clk_wiz_0/inst/clk_in1_parser_clk_wiz_0_0
    MMCME2_ADV_X1Y2      MMCME2_ADV (Prop_mmcme2_adv_CLKIN1_CLKOUT0)
                                                     -7.674     4.893 r  parser_i/clk_wiz_0/inst/mmcm_adv_inst/CLKOUT0
                         net (fo=1, routed)           1.723     6.616    parser_i/clk_wiz_0/inst/clk_out1_parser_clk_wiz_0_0
    BUFGCTRL_X0Y0        BUFG (Prop_bufg_I_O)         0.091     6.707 r  parser_i/clk_wiz_0/inst/clkout1_buf/O
                         net (fo=3997, routed)        1.789     8.496    parser_i/microblaze_0/U0/MicroBlaze_Core_I/Performance.Core/Data_Flow_I/Operand_Select_I/Clk
    SLICE_X37Y72         FDRE                                         r  parser_i/microblaze_0/U0/MicroBlaze_Core_I/Performance.Core/Data_Flow_I/Operand_Select_I/EX_Op2_reg[30]/C
                         clock pessimism              0.562     9.058    
                         clock uncertainty           -0.074     8.984    
    SLICE_X37Y72         FDRE (Setup_fdre_C_R)       -0.429     8.555    parser_i/microblaze_0/U0/MicroBlaze_Core_I/Performance.Core/Data_Flow_I/Operand_Select_I/EX_Op2_reg[30]
  -------------------------------------------------------------------
                         required time                          8.555    
                         arrival time                          -7.058    
  -------------------------------------------------------------------
                         slack                                  1.496    

Slack (MET) :             1.496ns  (required time - arrival time)
  Source:                 parser_i/microblaze_0/U0/MicroBlaze_Core_I/Use_Async_Reset.sync_reset_reg/C
                            (rising edge-triggered cell FDRE clocked by clk_out1_parser_clk_wiz_0_0  {rise@0.000ns fall@5.000ns period=10.000ns})
  Destination:            parser_i/microblaze_0/U0/MicroBlaze_Core_I/Performance.Core/Data_Flow_I/Operand_Select_I/EX_Op3_reg[21]/R
                            (rising edge-triggered cell FDRE clocked by clk_out1_parser_clk_wiz_0_0  {rise@0.000ns fall@5.000ns period=10.000ns})
  Path Group:             clk_out1_parser_clk_wiz_0_0
  Path Type:              Setup (Max at Slow Process Corner)
  Requirement:            10.000ns  (clk_out1_parser_clk_wiz_0_0 rise@10.000ns - clk_out1_parser_clk_wiz_0_0 rise@0.000ns)
  Data Path Delay:        7.933ns  (logic 0.518ns (6.529%)  route 7.415ns (93.471%))
  Logic Levels:           0  
  Clock Path Skew:        -0.067ns (DCD - SCD + CPR)
    Destination Clock Delay (DCD):    -1.504ns = ( 8.496 - 10.000 ) 
    Source Clock Delay      (SCD):    -0.875ns
    Clock Pessimism Removal (CPR):    0.562ns
  Clock Uncertainty:      0.074ns  ((TSJ^2 + DJ^2)^1/2) / 2 + PE
    Total System Jitter     (TSJ):    0.071ns
    Discrete Jitter          (DJ):    0.131ns
    Phase Error              (PE):    0.000ns

    Location             Delay type                Incr(ns)  Path(ns)    Netlist Resource(s)
  -------------------------------------------------------------------    -------------------
                         (clock clk_out1_parser_clk_wiz_0_0 rise edge)
                                                      0.000     0.000 r  
    R4                                                0.000     0.000 r  sys_clock (IN)
                         net (fo=0)                   0.000     0.000    parser_i/clk_wiz_0/inst/clk_in1
    R4                   IBUF (Prop_ibuf_I_O)         1.475     1.475 r  parser_i/clk_wiz_0/inst/clkin1_ibufg/O
                         net (fo=1, routed)           1.233     2.708    parser_i/clk_wiz_0/inst/clk_in1_parser_clk_wiz_0_0
    MMCME2_ADV_X1Y2      MMCME2_ADV (Prop_mmcme2_adv_CLKIN1_CLKOUT0)
                                                     -7.432    -4.724 r  parser_i/clk_wiz_0/inst/mmcm_adv_inst/CLKOUT0
                         net (fo=1, routed)           1.808    -2.915    parser_i/clk_wiz_0/inst/clk_out1_parser_clk_wiz_0_0
    BUFGCTRL_X0Y0        BUFG (Prop_bufg_I_O)         0.096    -2.819 r  parser_i/clk_wiz_0/inst/clkout1_buf/O
                         net (fo=3997, routed)        1.944    -0.875    parser_i/microblaze_0/U0/MicroBlaze_Core_I/Clk
    SLICE_X12Y91         FDRE                                         r  parser_i/microblaze_0/U0/MicroBlaze_Core_I/Use_Async_Reset.sync_reset_reg/C
  -------------------------------------------------------------------    -------------------
    SLICE_X12Y91         FDRE (Prop_fdre_C_Q)         0.518    -0.357 r  parser_i/microblaze_0/U0/MicroBlaze_Core_I/Use_Async_Reset.sync_reset_reg/Q
                         net (fo=847, routed)         7.415     7.058    parser_i/microblaze_0/U0/MicroBlaze_Core_I/Performance.Core/Data_Flow_I/Operand_Select_I/sync_reset
    SLICE_X37Y72         FDRE                                         r  parser_i/microblaze_0/U0/MicroBlaze_Core_I/Performance.Core/Data_Flow_I/Operand_Select_I/EX_Op3_reg[21]/R
  -------------------------------------------------------------------    -------------------

                         (clock clk_out1_parser_clk_wiz_0_0 rise edge)
                                                     10.000    10.000 r  
    R4                                                0.000    10.000 r  sys_clock (IN)
                         net (fo=0)                   0.000    10.000    parser_i/clk_wiz_0/inst/clk_in1
    R4                   IBUF (Prop_ibuf_I_O)         1.405    11.405 r  parser_i/clk_wiz_0/inst/clkin1_ibufg/O
                         net (fo=1, routed)           1.162    12.567    parser_i/clk_wiz_0/inst/clk_in1_parser_clk_wiz_0_0
    MMCME2_ADV_X1Y2      MMCME2_ADV (Prop_mmcme2_adv_CLKIN1_CLKOUT0)
                                                     -7.674     4.893 r  parser_i/clk_wiz_0/inst/mmcm_adv_inst/CLKOUT0
                         net (fo=1, routed)           1.723     6.616    parser_i/clk_wiz_0/inst/clk_out1_parser_clk_wiz_0_0
    BUFGCTRL_X0Y0        BUFG (Prop_bufg_I_O)         0.091     6.707 r  parser_i/clk_wiz_0/inst/clkout1_buf/O
                         net (fo=3997, routed)        1.789     8.496    parser_i/microblaze_0/U0/MicroBlaze_Core_I/Performance.Core/Data_Flow_I/Operand_Select_I/Clk
    SLICE_X37Y72         FDRE                                         r  parser_i/microblaze_0/U0/MicroBlaze_Core_I/Performance.Core/Data_Flow_I/Operand_Select_I/EX_Op3_reg[21]/C
                         clock pessimism              0.562     9.058    
                         clock uncertainty           -0.074     8.984    
    SLICE_X37Y72         FDRE (Setup_fdre_C_R)       -0.429     8.555    parser_i/microblaze_0/U0/MicroBlaze_Core_I/Performance.Core/Data_Flow_I/Operand_Select_I/EX_Op3_reg[21]
  -------------------------------------------------------------------
                         required time                          8.555    
                         arrival time                          -7.058    
  -------------------------------------------------------------------
                         slack                                  1.496    

Slack (MET) :             1.559ns  (required time - arrival time)
  Source:                 parser_i/microblaze_0/U0/MicroBlaze_Core_I/Use_Async_Reset.sync_reset_reg/C
                            (rising edge-triggered cell FDRE clocked by clk_out1_parser_clk_wiz_0_0  {rise@0.000ns fall@5.000ns period=10.000ns})
  Destination:            parser_i/microblaze_0/U0/MicroBlaze_Core_I/Performance.Core/Data_Flow_I/Operand_Select_I/EX_Op2_reg[17]/R
                            (rising edge-triggered cell FDRE clocked by clk_out1_parser_clk_wiz_0_0  {rise@0.000ns fall@5.000ns period=10.000ns})
  Path Group:             clk_out1_parser_clk_wiz_0_0
  Path Type:              Setup (Max at Slow Process Corner)
  Requirement:            10.000ns  (clk_out1_parser_clk_wiz_0_0 rise@10.000ns - clk_out1_parser_clk_wiz_0_0 rise@0.000ns)
  Data Path Delay:        7.870ns  (logic 0.518ns (6.582%)  route 7.352ns (93.418%))
  Logic Levels:           0  
  Clock Path Skew:        -0.067ns (DCD - SCD + CPR)
    Destination Clock Delay (DCD):    -1.504ns = ( 8.496 - 10.000 ) 
    Source Clock Delay      (SCD):    -0.875ns
    Clock Pessimism Removal (CPR):    0.562ns
  Clock Uncertainty:      0.074ns  ((TSJ^2 + DJ^2)^1/2) / 2 + PE
    Total System Jitter     (TSJ):    0.071ns
    Discrete Jitter          (DJ):    0.131ns
    Phase Error              (PE):    0.000ns

    Location             Delay type                Incr(ns)  Path(ns)    Netlist Resource(s)
  -------------------------------------------------------------------    -------------------
                         (clock clk_out1_parser_clk_wiz_0_0 rise edge)
                                                      0.000     0.000 r  
    R4                                                0.000     0.000 r  sys_clock (IN)
                         net (fo=0)                   0.000     0.000    parser_i/clk_wiz_0/inst/clk_in1
    R4                   IBUF (Prop_ibuf_I_O)         1.475     1.475 r  parser_i/clk_wiz_0/inst/clkin1_ibufg/O
                         net (fo=1, routed)           1.233     2.708    parser_i/clk_wiz_0/inst/clk_in1_parser_clk_wiz_0_0
    MMCME2_ADV_X1Y2      MMCME2_ADV (Prop_mmcme2_adv_CLKIN1_CLKOUT0)
                                                     -7.432    -4.724 r  parser_i/clk_wiz_0/inst/mmcm_adv_inst/CLKOUT0
                         net (fo=1, routed)           1.808    -2.915    parser_i/clk_wiz_0/inst/clk_out1_parser_clk_wiz_0_0
    BUFGCTRL_X0Y0        BUFG (Prop_bufg_I_O)         0.096    -2.819 r  parser_i/clk_wiz_0/inst/clkout1_buf/O
                         net (fo=3997, routed)        1.944    -0.875    parser_i/microblaze_0/U0/MicroBlaze_Core_I/Clk
    SLICE_X12Y91         FDRE                                         r  parser_i/microblaze_0/U0/MicroBlaze_Core_I/Use_Async_Reset.sync_reset_reg/C
  -------------------------------------------------------------------    -------------------
    SLICE_X12Y91         FDRE (Prop_fdre_C_Q)         0.518    -0.357 r  parser_i/microblaze_0/U0/MicroBlaze_Core_I/Use_Async_Reset.sync_reset_reg/Q
                         net (fo=847, routed)         7.352     6.996    parser_i/microblaze_0/U0/MicroBlaze_Core_I/Performance.Core/Data_Flow_I/Operand_Select_I/sync_reset
    SLICE_X37Y77         FDRE                                         r  parser_i/microblaze_0/U0/MicroBlaze_Core_I/Performance.Core/Data_Flow_I/Operand_Select_I/EX_Op2_reg[17]/R
  -------------------------------------------------------------------    -------------------

                         (clock clk_out1_parser_clk_wiz_0_0 rise edge)
                                                     10.000    10.000 r  
    R4                                                0.000    10.000 r  sys_clock (IN)
                         net (fo=0)                   0.000    10.000    parser_i/clk_wiz_0/inst/clk_in1
    R4                   IBUF (Prop_ibuf_I_O)         1.405    11.405 r  parser_i/clk_wiz_0/inst/clkin1_ibufg/O
                         net (fo=1, routed)           1.162    12.567    parser_i/clk_wiz_0/inst/clk_in1_parser_clk_wiz_0_0
    MMCME2_ADV_X1Y2      MMCME2_ADV (Prop_mmcme2_adv_CLKIN1_CLKOUT0)
                                                     -7.674     4.893 r  parser_i/clk_wiz_0/inst/mmcm_adv_inst/CLKOUT0
                         net (fo=1, routed)           1.723     6.616    parser_i/clk_wiz_0/inst/clk_out1_parser_clk_wiz_0_0
    BUFGCTRL_X0Y0        BUFG (Prop_bufg_I_O)         0.091     6.707 r  parser_i/clk_wiz_0/inst/clkout1_buf/O
                         net (fo=3997, routed)        1.789     8.496    parser_i/microblaze_0/U0/MicroBlaze_Core_I/Performance.Core/Data_Flow_I/Operand_Select_I/Clk
    SLICE_X37Y77         FDRE                                         r  parser_i/microblaze_0/U0/MicroBlaze_Core_I/Performance.Core/Data_Flow_I/Operand_Select_I/EX_Op2_reg[17]/C
                         clock pessimism              0.562     9.058    
                         clock uncertainty           -0.074     8.984    
    SLICE_X37Y77         FDRE (Setup_fdre_C_R)       -0.429     8.555    parser_i/microblaze_0/U0/MicroBlaze_Core_I/Performance.Core/Data_Flow_I/Operand_Select_I/EX_Op2_reg[17]
  -------------------------------------------------------------------
                         required time                          8.555    
                         arrival time                          -6.996    
  -------------------------------------------------------------------
                         slack                                  1.559    





Min Delay Paths
--------------------------------------------------------------------------------------
Slack (MET) :             0.058ns  (arrival time - required time)
  Source:                 parser_i/axi_uartlite_0/U0/UARTLITE_CORE_I/UARTLITE_RX_I/SERIAL_TO_PARALLEL[8].fifo_din_reg[8]/C
                            (rising edge-triggered cell FDRE clocked by clk_out1_parser_clk_wiz_0_0  {rise@0.000ns fall@5.000ns period=10.000ns})
  Destination:            parser_i/axi_uartlite_0/U0/UARTLITE_CORE_I/UARTLITE_RX_I/SRL_FIFO_I/I_SRL_FIFO_RBU_F/DYNSHREG_F_I/INFERRED_GEN.data_reg[15][7]_srl16/D
                            (rising edge-triggered cell SRL16E clocked by clk_out1_parser_clk_wiz_0_0  {rise@0.000ns fall@5.000ns period=10.000ns})
  Path Group:             clk_out1_parser_clk_wiz_0_0
  Path Type:              Hold (Min at Fast Process Corner)
  Requirement:            0.000ns  (clk_out1_parser_clk_wiz_0_0 rise@0.000ns - clk_out1_parser_clk_wiz_0_0 rise@0.000ns)
  Data Path Delay:        0.278ns  (logic 0.141ns (50.679%)  route 0.137ns (49.321%))
  Logic Levels:           0  
  Clock Path Skew:        0.037ns (DCD - SCD - CPR)
    Destination Clock Delay (DCD):    -0.856ns
    Source Clock Delay      (SCD):    -0.616ns
    Clock Pessimism Removal (CPR):    -0.277ns

    Location             Delay type                Incr(ns)  Path(ns)    Netlist Resource(s)
  -------------------------------------------------------------------    -------------------
                         (clock clk_out1_parser_clk_wiz_0_0 rise edge)
                                                      0.000     0.000 r  
    R4                                                0.000     0.000 r  sys_clock (IN)
                         net (fo=0)                   0.000     0.000    parser_i/clk_wiz_0/inst/clk_in1
    R4                   IBUF (Prop_ibuf_I_O)         0.243     0.243 r  parser_i/clk_wiz_0/inst/clkin1_ibufg/O
                         net (fo=1, routed)           0.440     0.683    parser_i/clk_wiz_0/inst/clk_in1_parser_clk_wiz_0_0
    MMCME2_ADV_X1Y2      MMCME2_ADV (Prop_mmcme2_adv_CLKIN1_CLKOUT0)
                                                     -2.540    -1.856 r  parser_i/clk_wiz_0/inst/mmcm_adv_inst/CLKOUT0
                         net (fo=1, routed)           0.531    -1.325    parser_i/clk_wiz_0/inst/clk_out1_parser_clk_wiz_0_0
    BUFGCTRL_X0Y0        BUFG (Prop_bufg_I_O)         0.026    -1.299 r  parser_i/clk_wiz_0/inst/clkout1_buf/O
                         net (fo=3997, routed)        0.683    -0.616    parser_i/axi_uartlite_0/U0/UARTLITE_CORE_I/UARTLITE_RX_I/s_axi_aclk
    SLICE_X15Y71         FDRE                                         r  parser_i/axi_uartlite_0/U0/UARTLITE_CORE_I/UARTLITE_RX_I/SERIAL_TO_PARALLEL[8].fifo_din_reg[8]/C
  -------------------------------------------------------------------    -------------------
    SLICE_X15Y71         FDRE (Prop_fdre_C_Q)         0.141    -0.475 r  parser_i/axi_uartlite_0/U0/UARTLITE_CORE_I/UARTLITE_RX_I/SERIAL_TO_PARALLEL[8].fifo_din_reg[8]/Q
                         net (fo=3, routed)           0.137    -0.338    parser_i/axi_uartlite_0/U0/UARTLITE_CORE_I/UARTLITE_RX_I/SRL_FIFO_I/I_SRL_FIFO_RBU_F/DYNSHREG_F_I/in[7]
    SLICE_X16Y70         SRL16E                                       r  parser_i/axi_uartlite_0/U0/UARTLITE_CORE_I/UARTLITE_RX_I/SRL_FIFO_I/I_SRL_FIFO_RBU_F/DYNSHREG_F_I/INFERRED_GEN.data_reg[15][7]_srl16/D
  -------------------------------------------------------------------    -------------------

                         (clock clk_out1_parser_clk_wiz_0_0 rise edge)
                                                      0.000     0.000 r  
    R4                                                0.000     0.000 r  sys_clock (IN)
                         net (fo=0)                   0.000     0.000    parser_i/clk_wiz_0/inst/clk_in1
    R4                   IBUF (Prop_ibuf_I_O)         0.431     0.431 r  parser_i/clk_wiz_0/inst/clkin1_ibufg/O
                         net (fo=1, routed)           0.480     0.911    parser_i/clk_wiz_0/inst/clk_in1_parser_clk_wiz_0_0
    MMCME2_ADV_X1Y2      MMCME2_ADV (Prop_mmcme2_adv_CLKIN1_CLKOUT0)
                                                     -3.332    -2.421 r  parser_i/clk_wiz_0/inst/mmcm_adv_inst/CLKOUT0
                         net (fo=1, routed)           0.579    -1.843    parser_i/clk_wiz_0/inst/clk_out1_parser_clk_wiz_0_0
    BUFGCTRL_X0Y0        BUFG (Prop_bufg_I_O)         0.029    -1.814 r  parser_i/clk_wiz_0/inst/clkout1_buf/O
                         net (fo=3997, routed)        0.958    -0.856    parser_i/axi_uartlite_0/U0/UARTLITE_CORE_I/UARTLITE_RX_I/SRL_FIFO_I/I_SRL_FIFO_RBU_F/DYNSHREG_F_I/s_axi_aclk
    SLICE_X16Y70         SRL16E                                       r  parser_i/axi_uartlite_0/U0/UARTLITE_CORE_I/UARTLITE_RX_I/SRL_FIFO_I/I_SRL_FIFO_RBU_F/DYNSHREG_F_I/INFERRED_GEN.data_reg[15][7]_srl16/CLK
                         clock pessimism              0.277    -0.579    
    SLICE_X16Y70         SRL16E (Hold_srl16e_CLK_D)
                                                      0.183    -0.396    parser_i/axi_uartlite_0/U0/UARTLITE_CORE_I/UARTLITE_RX_I/SRL_FIFO_I/I_SRL_FIFO_RBU_F/DYNSHREG_F_I/INFERRED_GEN.data_reg[15][7]_srl16
  -------------------------------------------------------------------
                         required time                          0.396    
                         arrival time                          -0.338    
  -------------------------------------------------------------------
                         slack                                  0.058    

Slack (MET) :             0.079ns  (arrival time - required time)
  Source:                 parser_i/array_parser_0/inst/genblk1[3].ultrasonic_sensor/counter_reg[3]/C
                            (rising edge-triggered cell FDRE clocked by clk_out1_parser_clk_wiz_0_0  {rise@0.000ns fall@5.000ns period=10.000ns})
  Destination:            parser_i/array_parser_0/inst/genblk1[3].ultrasonic_sensor/counter_reg[5]/D
                            (rising edge-triggered cell FDRE clocked by clk_out1_parser_clk_wiz_0_0  {rise@0.000ns fall@5.000ns period=10.000ns})
  Path Group:             clk_out1_parser_clk_wiz_0_0
  Path Type:              Hold (Min at Fast Process Corner)
  Requirement:            0.000ns  (clk_out1_parser_clk_wiz_0_0 rise@0.000ns - clk_out1_parser_clk_wiz_0_0 rise@0.000ns)
  Data Path Delay:        0.365ns  (logic 0.186ns (51.022%)  route 0.179ns (48.978%))
  Logic Levels:           1  (LUT6=1)
  Clock Path Skew:        0.194ns (DCD - SCD - CPR)
    Destination Clock Delay (DCD):    -0.852ns
    Source Clock Delay      (SCD):    -0.541ns
    Clock Pessimism Removal (CPR):    -0.506ns

    Location             Delay type                Incr(ns)  Path(ns)    Netlist Resource(s)
  -------------------------------------------------------------------    -------------------
                         (clock clk_out1_parser_clk_wiz_0_0 rise edge)
                                                      0.000     0.000 r  
    R4                                                0.000     0.000 r  sys_clock (IN)
                         net (fo=0)                   0.000     0.000    parser_i/clk_wiz_0/inst/clk_in1
    R4                   IBUF (Prop_ibuf_I_O)         0.243     0.243 r  parser_i/clk_wiz_0/inst/clkin1_ibufg/O
                         net (fo=1, routed)           0.440     0.683    parser_i/clk_wiz_0/inst/clk_in1_parser_clk_wiz_0_0
    MMCME2_ADV_X1Y2      MMCME2_ADV (Prop_mmcme2_adv_CLKIN1_CLKOUT0)
                                                     -2.540    -1.856 r  parser_i/clk_wiz_0/inst/mmcm_adv_inst/CLKOUT0
                         net (fo=1, routed)           0.531    -1.325    parser_i/clk_wiz_0/inst/clk_out1_parser_clk_wiz_0_0
    BUFGCTRL_X0Y0        BUFG (Prop_bufg_I_O)         0.026    -1.299 r  parser_i/clk_wiz_0/inst/clkout1_buf/O
                         net (fo=3997, routed)        0.759    -0.541    parser_i/array_parser_0/inst/genblk1[3].ultrasonic_sensor/clk
    SLICE_X33Y49         FDRE                                         r  parser_i/array_parser_0/inst/genblk1[3].ultrasonic_sensor/counter_reg[3]/C
  -------------------------------------------------------------------    -------------------
    SLICE_X33Y49         FDRE (Prop_fdre_C_Q)         0.141    -0.400 r  parser_i/array_parser_0/inst/genblk1[3].ultrasonic_sensor/counter_reg[3]/Q
                         net (fo=6, routed)           0.179    -0.221    parser_i/array_parser_0/inst/genblk1[3].ultrasonic_sensor/counter_reg[3]
    SLICE_X33Y50         LUT6 (Prop_lut6_I0_O)        0.045    -0.176 r  parser_i/array_parser_0/inst/genblk1[3].ultrasonic_sensor/counter[5]_i_1__2/O
                         net (fo=1, routed)           0.000    -0.176    parser_i/array_parser_0/inst/genblk1[3].ultrasonic_sensor/p_0_in__2[5]
    SLICE_X33Y50         FDRE                                         r  parser_i/array_parser_0/inst/genblk1[3].ultrasonic_sensor/counter_reg[5]/D
  -------------------------------------------------------------------    -------------------

                         (clock clk_out1_parser_clk_wiz_0_0 rise edge)
                                                      0.000     0.000 r  
    R4                                                0.000     0.000 r  sys_clock (IN)
                         net (fo=0)                   0.000     0.000    parser_i/clk_wiz_0/inst/clk_in1
    R4                   IBUF (Prop_ibuf_I_O)         0.431     0.431 r  parser_i/clk_wiz_0/inst/clkin1_ibufg/O
                         net (fo=1, routed)           0.480     0.911    parser_i/clk_wiz_0/inst/clk_in1_parser_clk_wiz_0_0
    MMCME2_ADV_X1Y2      MMCME2_ADV (Prop_mmcme2_adv_CLKIN1_CLKOUT0)
                                                     -3.332    -2.421 r  parser_i/clk_wiz_0/inst/mmcm_adv_inst/CLKOUT0
                         net (fo=1, routed)           0.579    -1.843    parser_i/clk_wiz_0/inst/clk_out1_parser_clk_wiz_0_0
    BUFGCTRL_X0Y0        BUFG (Prop_bufg_I_O)         0.029    -1.814 r  parser_i/clk_wiz_0/inst/clkout1_buf/O
                         net (fo=3997, routed)        0.962    -0.852    parser_i/array_parser_0/inst/genblk1[3].ultrasonic_sensor/clk
    SLICE_X33Y50         FDRE                                         r  parser_i/array_parser_0/inst/genblk1[3].ultrasonic_sensor/counter_reg[5]/C
                         clock pessimism              0.506    -0.346    
    SLICE_X33Y50         FDRE (Hold_fdre_C_D)         0.091    -0.255    parser_i/array_parser_0/inst/genblk1[3].ultrasonic_sensor/counter_reg[5]
  -------------------------------------------------------------------
                         required time                          0.255    
                         arrival time                          -0.176    
  -------------------------------------------------------------------
                         slack                                  0.079    

Slack (MET) :             0.100ns  (arrival time - required time)
  Source:                 parser_i/array_parser_0/inst/genblk1[4].ultrasonic_sensor/state_reg[1]/C
                            (rising edge-triggered cell FDRE clocked by clk_out1_parser_clk_wiz_0_0  {rise@0.000ns fall@5.000ns period=10.000ns})
  Destination:            parser_i/array_parser_0/inst/genblk1[4].ultrasonic_sensor/duration_counter_reg[1]/D
                            (rising edge-triggered cell FDRE clocked by clk_out1_parser_clk_wiz_0_0  {rise@0.000ns fall@5.000ns period=10.000ns})
  Path Group:             clk_out1_parser_clk_wiz_0_0
  Path Type:              Hold (Min at Fast Process Corner)
  Requirement:            0.000ns  (clk_out1_parser_clk_wiz_0_0 rise@0.000ns - clk_out1_parser_clk_wiz_0_0 rise@0.000ns)
  Data Path Delay:        0.562ns  (logic 0.246ns (43.789%)  route 0.316ns (56.211%))
  Logic Levels:           1  (LUT4=1)
  Clock Path Skew:        0.342ns (DCD - SCD - CPR)
    Destination Clock Delay (DCD):    -0.769ns
    Source Clock Delay      (SCD):    -0.605ns
    Clock Pessimism Removal (CPR):    -0.506ns

    Location             Delay type                Incr(ns)  Path(ns)    Netlist Resource(s)
  -------------------------------------------------------------------    -------------------
                         (clock clk_out1_parser_clk_wiz_0_0 rise edge)
                                                      0.000     0.000 r  
    R4                                                0.000     0.000 r  sys_clock (IN)
                         net (fo=0)                   0.000     0.000    parser_i/clk_wiz_0/inst/clk_in1
    R4                   IBUF (Prop_ibuf_I_O)         0.243     0.243 r  parser_i/clk_wiz_0/inst/clkin1_ibufg/O
                         net (fo=1, routed)           0.440     0.683    parser_i/clk_wiz_0/inst/clk_in1_parser_clk_wiz_0_0
    MMCME2_ADV_X1Y2      MMCME2_ADV (Prop_mmcme2_adv_CLKIN1_CLKOUT0)
                                                     -2.540    -1.856 r  parser_i/clk_wiz_0/inst/mmcm_adv_inst/CLKOUT0
                         net (fo=1, routed)           0.531    -1.325    parser_i/clk_wiz_0/inst/clk_out1_parser_clk_wiz_0_0
    BUFGCTRL_X0Y0        BUFG (Prop_bufg_I_O)         0.026    -1.299 r  parser_i/clk_wiz_0/inst/clkout1_buf/O
                         net (fo=3997, routed)        0.694    -0.605    parser_i/array_parser_0/inst/genblk1[4].ultrasonic_sensor/clk
    SLICE_X16Y51         FDRE                                         r  parser_i/array_parser_0/inst/genblk1[4].ultrasonic_sensor/state_reg[1]/C
  -------------------------------------------------------------------    -------------------
    SLICE_X16Y51         FDRE (Prop_fdre_C_Q)         0.148    -0.457 r  parser_i/array_parser_0/inst/genblk1[4].ultrasonic_sensor/state_reg[1]/Q
                         net (fo=32, routed)          0.316    -0.141    parser_i/array_parser_0/inst/genblk1[4].ultrasonic_sensor/state[1]
    SLICE_X18Y49         LUT4 (Prop_lut4_I3_O)        0.098    -0.043 r  parser_i/array_parser_0/inst/genblk1[4].ultrasonic_sensor/duration_counter[1]_i_1__3/O
                         net (fo=2, routed)           0.000    -0.043    parser_i/array_parser_0/inst/genblk1[4].ultrasonic_sensor/duration_counter[1]_i_1__3_n_0
    SLICE_X18Y49         FDRE                                         r  parser_i/array_parser_0/inst/genblk1[4].ultrasonic_sensor/duration_counter_reg[1]/D
  -------------------------------------------------------------------    -------------------

                         (clock clk_out1_parser_clk_wiz_0_0 rise edge)
                                                      0.000     0.000 r  
    R4                                                0.000     0.000 r  sys_clock (IN)
                         net (fo=0)                   0.000     0.000    parser_i/clk_wiz_0/inst/clk_in1
    R4                   IBUF (Prop_ibuf_I_O)         0.431     0.431 r  parser_i/clk_wiz_0/inst/clkin1_ibufg/O
                         net (fo=1, routed)           0.480     0.911    parser_i/clk_wiz_0/inst/clk_in1_parser_clk_wiz_0_0
    MMCME2_ADV_X1Y2      MMCME2_ADV (Prop_mmcme2_adv_CLKIN1_CLKOUT0)
                                                     -3.332    -2.421 r  parser_i/clk_wiz_0/inst/mmcm_adv_inst/CLKOUT0
                         net (fo=1, routed)           0.579    -1.843    parser_i/clk_wiz_0/inst/clk_out1_parser_clk_wiz_0_0
    BUFGCTRL_X0Y0        BUFG (Prop_bufg_I_O)         0.029    -1.814 r  parser_i/clk_wiz_0/inst/clkout1_buf/O
                         net (fo=3997, routed)        1.045    -0.769    parser_i/array_parser_0/inst/genblk1[4].ultrasonic_sensor/clk
    SLICE_X18Y49         FDRE                                         r  parser_i/array_parser_0/inst/genblk1[4].ultrasonic_sensor/duration_counter_reg[1]/C
                         clock pessimism              0.506    -0.263    
    SLICE_X18Y49         FDRE (Hold_fdre_C_D)         0.120    -0.143    parser_i/array_parser_0/inst/genblk1[4].ultrasonic_sensor/duration_counter_reg[1]
  -------------------------------------------------------------------
                         required time                          0.143    
                         arrival time                          -0.043    
  -------------------------------------------------------------------
                         slack                                  0.100    

Slack (MET) :             0.109ns  (arrival time - required time)
  Source:                 parser_i/array_parser_0/inst/genblk1[1].ultrasonic_sensor/distance_mm_reg[6]/C
                            (rising edge-triggered cell FDRE clocked by clk_out1_parser_clk_wiz_0_0  {rise@0.000ns fall@5.000ns period=10.000ns})
  Destination:            parser_i/object_localizer_1/inst/u0/p2s/genblk1[1].latched_din_reg[1][6]/D
                            (rising edge-triggered cell FDSE clocked by clk_out1_parser_clk_wiz_0_0  {rise@0.000ns fall@5.000ns period=10.000ns})
  Path Group:             clk_out1_parser_clk_wiz_0_0
  Path Type:              Hold (Min at Fast Process Corner)
  Requirement:            0.000ns  (clk_out1_parser_clk_wiz_0_0 rise@0.000ns - clk_out1_parser_clk_wiz_0_0 rise@0.000ns)
  Data Path Delay:        0.410ns  (logic 0.192ns (46.882%)  route 0.218ns (53.118%))
  Logic Levels:           1  (LUT3=1)
  Clock Path Skew:        0.193ns (DCD - SCD - CPR)
    Destination Clock Delay (DCD):    -0.848ns
    Source Clock Delay      (SCD):    -0.536ns
    Clock Pessimism Removal (CPR):    -0.506ns

    Location             Delay type                Incr(ns)  Path(ns)    Netlist Resource(s)
  -------------------------------------------------------------------    -------------------
                         (clock clk_out1_parser_clk_wiz_0_0 rise edge)
                                                      0.000     0.000 r  
    R4                                                0.000     0.000 r  sys_clock (IN)
                         net (fo=0)                   0.000     0.000    parser_i/clk_wiz_0/inst/clk_in1
    R4                   IBUF (Prop_ibuf_I_O)         0.243     0.243 r  parser_i/clk_wiz_0/inst/clkin1_ibufg/O
                         net (fo=1, routed)           0.440     0.683    parser_i/clk_wiz_0/inst/clk_in1_parser_clk_wiz_0_0
    MMCME2_ADV_X1Y2      MMCME2_ADV (Prop_mmcme2_adv_CLKIN1_CLKOUT0)
                                                     -2.540    -1.856 r  parser_i/clk_wiz_0/inst/mmcm_adv_inst/CLKOUT0
                         net (fo=1, routed)           0.531    -1.325    parser_i/clk_wiz_0/inst/clk_out1_parser_clk_wiz_0_0
    BUFGCTRL_X0Y0        BUFG (Prop_bufg_I_O)         0.026    -1.299 r  parser_i/clk_wiz_0/inst/clkout1_buf/O
                         net (fo=3997, routed)        0.764    -0.536    parser_i/array_parser_0/inst/genblk1[1].ultrasonic_sensor/clk
    SLICE_X21Y49         FDRE                                         r  parser_i/array_parser_0/inst/genblk1[1].ultrasonic_sensor/distance_mm_reg[6]/C
  -------------------------------------------------------------------    -------------------
    SLICE_X21Y49         FDRE (Prop_fdre_C_Q)         0.141    -0.395 r  parser_i/array_parser_0/inst/genblk1[1].ultrasonic_sensor/distance_mm_reg[6]/Q
                         net (fo=2, routed)           0.218    -0.177    parser_i/object_localizer_1/inst/u0/p2s/distances[22]
    SLICE_X23Y53         LUT3 (Prop_lut3_I0_O)        0.051    -0.126 r  parser_i/object_localizer_1/inst/u0/p2s/genblk1[1].latched_din[1][6]_i_1/O
                         net (fo=1, routed)           0.000    -0.126    parser_i/object_localizer_1/inst/u0/p2s/genblk1[1].latched_din[1][6]_i_1_n_0
    SLICE_X23Y53         FDSE                                         r  parser_i/object_localizer_1/inst/u0/p2s/genblk1[1].latched_din_reg[1][6]/D
  -------------------------------------------------------------------    -------------------

                         (clock clk_out1_parser_clk_wiz_0_0 rise edge)
                                                      0.000     0.000 r  
    R4                                                0.000     0.000 r  sys_clock (IN)
                         net (fo=0)                   0.000     0.000    parser_i/clk_wiz_0/inst/clk_in1
    R4                   IBUF (Prop_ibuf_I_O)         0.431     0.431 r  parser_i/clk_wiz_0/inst/clkin1_ibufg/O
                         net (fo=1, routed)           0.480     0.911    parser_i/clk_wiz_0/inst/clk_in1_parser_clk_wiz_0_0
    MMCME2_ADV_X1Y2      MMCME2_ADV (Prop_mmcme2_adv_CLKIN1_CLKOUT0)
                                                     -3.332    -2.421 r  parser_i/clk_wiz_0/inst/mmcm_adv_inst/CLKOUT0
                         net (fo=1, routed)           0.579    -1.843    parser_i/clk_wiz_0/inst/clk_out1_parser_clk_wiz_0_0
    BUFGCTRL_X0Y0        BUFG (Prop_bufg_I_O)         0.029    -1.814 r  parser_i/clk_wiz_0/inst/clkout1_buf/O
                         net (fo=3997, routed)        0.966    -0.848    parser_i/object_localizer_1/inst/u0/p2s/clk
    SLICE_X23Y53         FDSE                                         r  parser_i/object_localizer_1/inst/u0/p2s/genblk1[1].latched_din_reg[1][6]/C
                         clock pessimism              0.506    -0.342    
    SLICE_X23Y53         FDSE (Hold_fdse_C_D)         0.107    -0.235    parser_i/object_localizer_1/inst/u0/p2s/genblk1[1].latched_din_reg[1][6]
  -------------------------------------------------------------------
                         required time                          0.235    
                         arrival time                          -0.126    
  -------------------------------------------------------------------
                         slack                                  0.109    

Slack (MET) :             0.114ns  (arrival time - required time)
  Source:                 parser_i/axi_uartlite_0/U0/UARTLITE_CORE_I/UARTLITE_RX_I/SERIAL_TO_PARALLEL[6].fifo_din_reg[6]/C
                            (rising edge-triggered cell FDRE clocked by clk_out1_parser_clk_wiz_0_0  {rise@0.000ns fall@5.000ns period=10.000ns})
  Destination:            parser_i/axi_uartlite_0/U0/UARTLITE_CORE_I/UARTLITE_RX_I/SRL_FIFO_I/I_SRL_FIFO_RBU_F/DYNSHREG_F_I/INFERRED_GEN.data_reg[15][5]_srl16/D
                            (rising edge-triggered cell SRL16E clocked by clk_out1_parser_clk_wiz_0_0  {rise@0.000ns fall@5.000ns period=10.000ns})
  Path Group:             clk_out1_parser_clk_wiz_0_0
  Path Type:              Hold (Min at Fast Process Corner)
  Requirement:            0.000ns  (clk_out1_parser_clk_wiz_0_0 rise@0.000ns - clk_out1_parser_clk_wiz_0_0 rise@0.000ns)
  Data Path Delay:        0.265ns  (logic 0.141ns (53.196%)  route 0.124ns (46.804%))
  Logic Levels:           0  
  Clock Path Skew:        0.036ns (DCD - SCD - CPR)
    Destination Clock Delay (DCD):    -0.856ns
    Source Clock Delay      (SCD):    -0.615ns
    Clock Pessimism Removal (CPR):    -0.277ns

    Location             Delay type                Incr(ns)  Path(ns)    Netlist Resource(s)
  -------------------------------------------------------------------    -------------------
                         (clock clk_out1_parser_clk_wiz_0_0 rise edge)
                                                      0.000     0.000 r  
    R4                                                0.000     0.000 r  sys_clock (IN)
                         net (fo=0)                   0.000     0.000    parser_i/clk_wiz_0/inst/clk_in1
    R4                   IBUF (Prop_ibuf_I_O)         0.243     0.243 r  parser_i/clk_wiz_0/inst/clkin1_ibufg/O
                         net (fo=1, routed)           0.440     0.683    parser_i/clk_wiz_0/inst/clk_in1_parser_clk_wiz_0_0
    MMCME2_ADV_X1Y2      MMCME2_ADV (Prop_mmcme2_adv_CLKIN1_CLKOUT0)
                                                     -2.540    -1.856 r  parser_i/clk_wiz_0/inst/mmcm_adv_inst/CLKOUT0
                         net (fo=1, routed)           0.531    -1.325    parser_i/clk_wiz_0/inst/clk_out1_parser_clk_wiz_0_0
    BUFGCTRL_X0Y0        BUFG (Prop_bufg_I_O)         0.026    -1.299 r  parser_i/clk_wiz_0/inst/clkout1_buf/O
                         net (fo=3997, routed)        0.684    -0.615    parser_i/axi_uartlite_0/U0/UARTLITE_CORE_I/UARTLITE_RX_I/s_axi_aclk
    SLICE_X15Y70         FDRE                                         r  parser_i/axi_uartlite_0/U0/UARTLITE_CORE_I/UARTLITE_RX_I/SERIAL_TO_PARALLEL[6].fifo_din_reg[6]/C
  -------------------------------------------------------------------    -------------------
    SLICE_X15Y70         FDRE (Prop_fdre_C_Q)         0.141    -0.474 r  parser_i/axi_uartlite_0/U0/UARTLITE_CORE_I/UARTLITE_RX_I/SERIAL_TO_PARALLEL[6].fifo_din_reg[6]/Q
                         net (fo=3, routed)           0.124    -0.350    parser_i/axi_uartlite_0/U0/UARTLITE_CORE_I/UARTLITE_RX_I/SRL_FIFO_I/I_SRL_FIFO_RBU_F/DYNSHREG_F_I/in[5]
    SLICE_X16Y70         SRL16E                                       r  parser_i/axi_uartlite_0/U0/UARTLITE_CORE_I/UARTLITE_RX_I/SRL_FIFO_I/I_SRL_FIFO_RBU_F/DYNSHREG_F_I/INFERRED_GEN.data_reg[15][5]_srl16/D
  -------------------------------------------------------------------    -------------------

                         (clock clk_out1_parser_clk_wiz_0_0 rise edge)
                                                      0.000     0.000 r  
    R4                                                0.000     0.000 r  sys_clock (IN)
                         net (fo=0)                   0.000     0.000    parser_i/clk_wiz_0/inst/clk_in1
    R4                   IBUF (Prop_ibuf_I_O)         0.431     0.431 r  parser_i/clk_wiz_0/inst/clkin1_ibufg/O
                         net (fo=1, routed)           0.480     0.911    parser_i/clk_wiz_0/inst/clk_in1_parser_clk_wiz_0_0
    MMCME2_ADV_X1Y2      MMCME2_ADV (Prop_mmcme2_adv_CLKIN1_CLKOUT0)
                                                     -3.332    -2.421 r  parser_i/clk_wiz_0/inst/mmcm_adv_inst/CLKOUT0
                         net (fo=1, routed)           0.579    -1.843    parser_i/clk_wiz_0/inst/clk_out1_parser_clk_wiz_0_0
    BUFGCTRL_X0Y0        BUFG (Prop_bufg_I_O)         0.029    -1.814 r  parser_i/clk_wiz_0/inst/clkout1_buf/O
                         net (fo=3997, routed)        0.958    -0.856    parser_i/axi_uartlite_0/U0/UARTLITE_CORE_I/UARTLITE_RX_I/SRL_FIFO_I/I_SRL_FIFO_RBU_F/DYNSHREG_F_I/s_axi_aclk
    SLICE_X16Y70         SRL16E                                       r  parser_i/axi_uartlite_0/U0/UARTLITE_CORE_I/UARTLITE_RX_I/SRL_FIFO_I/I_SRL_FIFO_RBU_F/DYNSHREG_F_I/INFERRED_GEN.data_reg[15][5]_srl16/CLK
                         clock pessimism              0.277    -0.579    
    SLICE_X16Y70         SRL16E (Hold_srl16e_CLK_D)
                                                      0.115    -0.464    parser_i/axi_uartlite_0/U0/UARTLITE_CORE_I/UARTLITE_RX_I/SRL_FIFO_I/I_SRL_FIFO_RBU_F/DYNSHREG_F_I/INFERRED_GEN.data_reg[15][5]_srl16
  -------------------------------------------------------------------
                         required time                          0.464    
                         arrival time                          -0.350    
  -------------------------------------------------------------------
                         slack                                  0.114    

Slack (MET) :             0.122ns  (arrival time - required time)
  Source:                 parser_i/rst_clk_wiz_0_100M/U0/EXT_LPF/ACTIVE_LOW_AUX.ACT_LO_AUX/GENERATE_LEVEL_P_S_CDC.SINGLE_BIT.CROSS_PLEVEL_IN2SCNDRY_IN_cdc_to/C
                            (rising edge-triggered cell FDRE clocked by clk_out1_parser_clk_wiz_0_0  {rise@0.000ns fall@5.000ns period=10.000ns})
  Destination:            parser_i/rst_clk_wiz_0_100M/U0/EXT_LPF/ACTIVE_LOW_AUX.ACT_LO_AUX/GENERATE_LEVEL_P_S_CDC.SINGLE_BIT.CROSS_PLEVEL_IN2SCNDRY_s_level_out_d2/D
                            (rising edge-triggered cell FDRE clocked by clk_out1_parser_clk_wiz_0_0  {rise@0.000ns fall@5.000ns period=10.000ns})
  Path Group:             clk_out1_parser_clk_wiz_0_0
  Path Type:              Hold (Min at Fast Process Corner)
  Requirement:            0.000ns  (clk_out1_parser_clk_wiz_0_0 rise@0.000ns - clk_out1_parser_clk_wiz_0_0 rise@0.000ns)
  Data Path Delay:        0.197ns  (logic 0.141ns (71.611%)  route 0.056ns (28.389%))
  Logic Levels:           0  
  Clock Path Skew:        0.000ns (DCD - SCD - CPR)
    Destination Clock Delay (DCD):    -0.845ns
    Source Clock Delay      (SCD):    -0.607ns
    Clock Pessimism Removal (CPR):    -0.238ns

    Location             Delay type                Incr(ns)  Path(ns)    Netlist Resource(s)
  -------------------------------------------------------------------    -------------------
                         (clock clk_out1_parser_clk_wiz_0_0 rise edge)
                                                      0.000     0.000 r  
    R4                                                0.000     0.000 r  sys_clock (IN)
                         net (fo=0)                   0.000     0.000    parser_i/clk_wiz_0/inst/clk_in1
    R4                   IBUF (Prop_ibuf_I_O)         0.243     0.243 r  parser_i/clk_wiz_0/inst/clkin1_ibufg/O
                         net (fo=1, routed)           0.440     0.683    parser_i/clk_wiz_0/inst/clk_in1_parser_clk_wiz_0_0
    MMCME2_ADV_X1Y2      MMCME2_ADV (Prop_mmcme2_adv_CLKIN1_CLKOUT0)
                                                     -2.540    -1.856 r  parser_i/clk_wiz_0/inst/mmcm_adv_inst/CLKOUT0
                         net (fo=1, routed)           0.531    -1.325    parser_i/clk_wiz_0/inst/clk_out1_parser_clk_wiz_0_0
    BUFGCTRL_X0Y0        BUFG (Prop_bufg_I_O)         0.026    -1.299 r  parser_i/clk_wiz_0/inst/clkout1_buf/O
                         net (fo=3997, routed)        0.692    -0.607    parser_i/rst_clk_wiz_0_100M/U0/EXT_LPF/ACTIVE_LOW_AUX.ACT_LO_AUX/slowest_sync_clk
    SLICE_X9Y91          FDRE                                         r  parser_i/rst_clk_wiz_0_100M/U0/EXT_LPF/ACTIVE_LOW_AUX.ACT_LO_AUX/GENERATE_LEVEL_P_S_CDC.SINGLE_BIT.CROSS_PLEVEL_IN2SCNDRY_IN_cdc_to/C
  -------------------------------------------------------------------    -------------------
    SLICE_X9Y91          FDRE (Prop_fdre_C_Q)         0.141    -0.466 r  parser_i/rst_clk_wiz_0_100M/U0/EXT_LPF/ACTIVE_LOW_AUX.ACT_LO_AUX/GENERATE_LEVEL_P_S_CDC.SINGLE_BIT.CROSS_PLEVEL_IN2SCNDRY_IN_cdc_to/Q
                         net (fo=1, routed)           0.056    -0.410    parser_i/rst_clk_wiz_0_100M/U0/EXT_LPF/ACTIVE_LOW_AUX.ACT_LO_AUX/Q
    SLICE_X9Y91          FDRE                                         r  parser_i/rst_clk_wiz_0_100M/U0/EXT_LPF/ACTIVE_LOW_AUX.ACT_LO_AUX/GENERATE_LEVEL_P_S_CDC.SINGLE_BIT.CROSS_PLEVEL_IN2SCNDRY_s_level_out_d2/D
  -------------------------------------------------------------------    -------------------

                         (clock clk_out1_parser_clk_wiz_0_0 rise edge)
                                                      0.000     0.000 r  
    R4                                                0.000     0.000 r  sys_clock (IN)
                         net (fo=0)                   0.000     0.000    parser_i/clk_wiz_0/inst/clk_in1
    R4                   IBUF (Prop_ibuf_I_O)         0.431     0.431 r  parser_i/clk_wiz_0/inst/clkin1_ibufg/O
                         net (fo=1, routed)           0.480     0.911    parser_i/clk_wiz_0/inst/clk_in1_parser_clk_wiz_0_0
    MMCME2_ADV_X1Y2      MMCME2_ADV (Prop_mmcme2_adv_CLKIN1_CLKOUT0)
                                                     -3.332    -2.421 r  parser_i/clk_wiz_0/inst/mmcm_adv_inst/CLKOUT0
                         net (fo=1, routed)           0.579    -1.843    parser_i/clk_wiz_0/inst/clk_out1_parser_clk_wiz_0_0
    BUFGCTRL_X0Y0        BUFG (Prop_bufg_I_O)         0.029    -1.814 r  parser_i/clk_wiz_0/inst/clkout1_buf/O
                         net (fo=3997, routed)        0.969    -0.845    parser_i/rst_clk_wiz_0_100M/U0/EXT_LPF/ACTIVE_LOW_AUX.ACT_LO_AUX/slowest_sync_clk
    SLICE_X9Y91          FDRE                                         r  parser_i/rst_clk_wiz_0_100M/U0/EXT_LPF/ACTIVE_LOW_AUX.ACT_LO_AUX/GENERATE_LEVEL_P_S_CDC.SINGLE_BIT.CROSS_PLEVEL_IN2SCNDRY_s_level_out_d2/C
                         clock pessimism              0.238    -0.607    
    SLICE_X9Y91          FDRE (Hold_fdre_C_D)         0.075    -0.532    parser_i/rst_clk_wiz_0_100M/U0/EXT_LPF/ACTIVE_LOW_AUX.ACT_LO_AUX/GENERATE_LEVEL_P_S_CDC.SINGLE_BIT.CROSS_PLEVEL_IN2SCNDRY_s_level_out_d2
  -------------------------------------------------------------------
                         required time                          0.532    
                         arrival time                          -0.410    
  -------------------------------------------------------------------
                         slack                                  0.122    

Slack (MET) :             0.122ns  (arrival time - required time)
  Source:                 parser_i/rst_clk_wiz_0_100M/U0/EXT_LPF/ACTIVE_LOW_EXT.ACT_LO_EXT/GENERATE_LEVEL_P_S_CDC.SINGLE_BIT.CROSS_PLEVEL_IN2SCNDRY_IN_cdc_to/C
                            (rising edge-triggered cell FDRE clocked by clk_out1_parser_clk_wiz_0_0  {rise@0.000ns fall@5.000ns period=10.000ns})
  Destination:            parser_i/rst_clk_wiz_0_100M/U0/EXT_LPF/ACTIVE_LOW_EXT.ACT_LO_EXT/GENERATE_LEVEL_P_S_CDC.SINGLE_BIT.CROSS_PLEVEL_IN2SCNDRY_s_level_out_d2/D
                            (rising edge-triggered cell FDRE clocked by clk_out1_parser_clk_wiz_0_0  {rise@0.000ns fall@5.000ns period=10.000ns})
  Path Group:             clk_out1_parser_clk_wiz_0_0
  Path Type:              Hold (Min at Fast Process Corner)
  Requirement:            0.000ns  (clk_out1_parser_clk_wiz_0_0 rise@0.000ns - clk_out1_parser_clk_wiz_0_0 rise@0.000ns)
  Data Path Delay:        0.197ns  (logic 0.141ns (71.611%)  route 0.056ns (28.389%))
  Logic Levels:           0  
  Clock Path Skew:        0.000ns (DCD - SCD - CPR)
    Destination Clock Delay (DCD):    -0.844ns
    Source Clock Delay      (SCD):    -0.606ns
    Clock Pessimism Removal (CPR):    -0.238ns

    Location             Delay type                Incr(ns)  Path(ns)    Netlist Resource(s)
  -------------------------------------------------------------------    -------------------
                         (clock clk_out1_parser_clk_wiz_0_0 rise edge)
                                                      0.000     0.000 r  
    R4                                                0.000     0.000 r  sys_clock (IN)
                         net (fo=0)                   0.000     0.000    parser_i/clk_wiz_0/inst/clk_in1
    R4                   IBUF (Prop_ibuf_I_O)         0.243     0.243 r  parser_i/clk_wiz_0/inst/clkin1_ibufg/O
                         net (fo=1, routed)           0.440     0.683    parser_i/clk_wiz_0/inst/clk_in1_parser_clk_wiz_0_0
    MMCME2_ADV_X1Y2      MMCME2_ADV (Prop_mmcme2_adv_CLKIN1_CLKOUT0)
                                                     -2.540    -1.856 r  parser_i/clk_wiz_0/inst/mmcm_adv_inst/CLKOUT0
                         net (fo=1, routed)           0.531    -1.325    parser_i/clk_wiz_0/inst/clk_out1_parser_clk_wiz_0_0
    BUFGCTRL_X0Y0        BUFG (Prop_bufg_I_O)         0.026    -1.299 r  parser_i/clk_wiz_0/inst/clkout1_buf/O
                         net (fo=3997, routed)        0.693    -0.606    parser_i/rst_clk_wiz_0_100M/U0/EXT_LPF/ACTIVE_LOW_EXT.ACT_LO_EXT/slowest_sync_clk
    SLICE_X11Y94         FDRE                                         r  parser_i/rst_clk_wiz_0_100M/U0/EXT_LPF/ACTIVE_LOW_EXT.ACT_LO_EXT/GENERATE_LEVEL_P_S_CDC.SINGLE_BIT.CROSS_PLEVEL_IN2SCNDRY_IN_cdc_to/C
  -------------------------------------------------------------------    -------------------
    SLICE_X11Y94         FDRE (Prop_fdre_C_Q)         0.141    -0.465 r  parser_i/rst_clk_wiz_0_100M/U0/EXT_LPF/ACTIVE_LOW_EXT.ACT_LO_EXT/GENERATE_LEVEL_P_S_CDC.SINGLE_BIT.CROSS_PLEVEL_IN2SCNDRY_IN_cdc_to/Q
                         net (fo=1, routed)           0.056    -0.409    parser_i/rst_clk_wiz_0_100M/U0/EXT_LPF/ACTIVE_LOW_EXT.ACT_LO_EXT/Q
    SLICE_X11Y94         FDRE                                         r  parser_i/rst_clk_wiz_0_100M/U0/EXT_LPF/ACTIVE_LOW_EXT.ACT_LO_EXT/GENERATE_LEVEL_P_S_CDC.SINGLE_BIT.CROSS_PLEVEL_IN2SCNDRY_s_level_out_d2/D
  -------------------------------------------------------------------    -------------------

                         (clock clk_out1_parser_clk_wiz_0_0 rise edge)
                                                      0.000     0.000 r  
    R4                                                0.000     0.000 r  sys_clock (IN)
                         net (fo=0)                   0.000     0.000    parser_i/clk_wiz_0/inst/clk_in1
    R4                   IBUF (Prop_ibuf_I_O)         0.431     0.431 r  parser_i/clk_wiz_0/inst/clkin1_ibufg/O
                         net (fo=1, routed)           0.480     0.911    parser_i/clk_wiz_0/inst/clk_in1_parser_clk_wiz_0_0
    MMCME2_ADV_X1Y2      MMCME2_ADV (Prop_mmcme2_adv_CLKIN1_CLKOUT0)
                                                     -3.332    -2.421 r  parser_i/clk_wiz_0/inst/mmcm_adv_inst/CLKOUT0
                         net (fo=1, routed)           0.579    -1.843    parser_i/clk_wiz_0/inst/clk_out1_parser_clk_wiz_0_0
    BUFGCTRL_X0Y0        BUFG (Prop_bufg_I_O)         0.029    -1.814 r  parser_i/clk_wiz_0/inst/clkout1_buf/O
                         net (fo=3997, routed)        0.970    -0.844    parser_i/rst_clk_wiz_0_100M/U0/EXT_LPF/ACTIVE_LOW_EXT.ACT_LO_EXT/slowest_sync_clk
    SLICE_X11Y94         FDRE                                         r  parser_i/rst_clk_wiz_0_100M/U0/EXT_LPF/ACTIVE_LOW_EXT.ACT_LO_EXT/GENERATE_LEVEL_P_S_CDC.SINGLE_BIT.CROSS_PLEVEL_IN2SCNDRY_s_level_out_d2/C
                         clock pessimism              0.238    -0.606    
    SLICE_X11Y94         FDRE (Hold_fdre_C_D)         0.075    -0.531    parser_i/rst_clk_wiz_0_100M/U0/EXT_LPF/ACTIVE_LOW_EXT.ACT_LO_EXT/GENERATE_LEVEL_P_S_CDC.SINGLE_BIT.CROSS_PLEVEL_IN2SCNDRY_s_level_out_d2
  -------------------------------------------------------------------
                         required time                          0.531    
                         arrival time                          -0.409    
  -------------------------------------------------------------------
                         slack                                  0.122    

Slack (MET) :             0.124ns  (arrival time - required time)
  Source:                 parser_i/axi_uartlite_0/U0/UARTLITE_CORE_I/UARTLITE_RX_I/SERIAL_TO_PARALLEL[2].fifo_din_reg[2]/C
                            (rising edge-triggered cell FDRE clocked by clk_out1_parser_clk_wiz_0_0  {rise@0.000ns fall@5.000ns period=10.000ns})
  Destination:            parser_i/axi_uartlite_0/U0/UARTLITE_CORE_I/UARTLITE_RX_I/SRL_FIFO_I/I_SRL_FIFO_RBU_F/DYNSHREG_F_I/INFERRED_GEN.data_reg[15][1]_srl16/D
                            (rising edge-triggered cell SRL16E clocked by clk_out1_parser_clk_wiz_0_0  {rise@0.000ns fall@5.000ns period=10.000ns})
  Path Group:             clk_out1_parser_clk_wiz_0_0
  Path Type:              Hold (Min at Fast Process Corner)
  Requirement:            0.000ns  (clk_out1_parser_clk_wiz_0_0 rise@0.000ns - clk_out1_parser_clk_wiz_0_0 rise@0.000ns)
  Data Path Delay:        0.269ns  (logic 0.141ns (52.428%)  route 0.128ns (47.572%))
  Logic Levels:           0  
  Clock Path Skew:        0.036ns (DCD - SCD - CPR)
    Destination Clock Delay (DCD):    -0.856ns
    Source Clock Delay      (SCD):    -0.615ns
    Clock Pessimism Removal (CPR):    -0.277ns

    Location             Delay type                Incr(ns)  Path(ns)    Netlist Resource(s)
  -------------------------------------------------------------------    -------------------
                         (clock clk_out1_parser_clk_wiz_0_0 rise edge)
                                                      0.000     0.000 r  
    R4                                                0.000     0.000 r  sys_clock (IN)
                         net (fo=0)                   0.000     0.000    parser_i/clk_wiz_0/inst/clk_in1
    R4                   IBUF (Prop_ibuf_I_O)         0.243     0.243 r  parser_i/clk_wiz_0/inst/clkin1_ibufg/O
                         net (fo=1, routed)           0.440     0.683    parser_i/clk_wiz_0/inst/clk_in1_parser_clk_wiz_0_0
    MMCME2_ADV_X1Y2      MMCME2_ADV (Prop_mmcme2_adv_CLKIN1_CLKOUT0)
                                                     -2.540    -1.856 r  parser_i/clk_wiz_0/inst/mmcm_adv_inst/CLKOUT0
                         net (fo=1, routed)           0.531    -1.325    parser_i/clk_wiz_0/inst/clk_out1_parser_clk_wiz_0_0
    BUFGCTRL_X0Y0        BUFG (Prop_bufg_I_O)         0.026    -1.299 r  parser_i/clk_wiz_0/inst/clkout1_buf/O
                         net (fo=3997, routed)        0.684    -0.615    parser_i/axi_uartlite_0/U0/UARTLITE_CORE_I/UARTLITE_RX_I/s_axi_aclk
    SLICE_X15Y70         FDRE                                         r  parser_i/axi_uartlite_0/U0/UARTLITE_CORE_I/UARTLITE_RX_I/SERIAL_TO_PARALLEL[2].fifo_din_reg[2]/C
  -------------------------------------------------------------------    -------------------
    SLICE_X15Y70         FDRE (Prop_fdre_C_Q)         0.141    -0.474 r  parser_i/axi_uartlite_0/U0/UARTLITE_CORE_I/UARTLITE_RX_I/SERIAL_TO_PARALLEL[2].fifo_din_reg[2]/Q
                         net (fo=3, routed)           0.128    -0.346    parser_i/axi_uartlite_0/U0/UARTLITE_CORE_I/UARTLITE_RX_I/SRL_FIFO_I/I_SRL_FIFO_RBU_F/DYNSHREG_F_I/in[1]
    SLICE_X16Y70         SRL16E                                       r  parser_i/axi_uartlite_0/U0/UARTLITE_CORE_I/UARTLITE_RX_I/SRL_FIFO_I/I_SRL_FIFO_RBU_F/DYNSHREG_F_I/INFERRED_GEN.data_reg[15][1]_srl16/D
  -------------------------------------------------------------------    -------------------

                         (clock clk_out1_parser_clk_wiz_0_0 rise edge)
                                                      0.000     0.000 r  
    R4                                                0.000     0.000 r  sys_clock (IN)
                         net (fo=0)                   0.000     0.000    parser_i/clk_wiz_0/inst/clk_in1
    R4                   IBUF (Prop_ibuf_I_O)         0.431     0.431 r  parser_i/clk_wiz_0/inst/clkin1_ibufg/O
                         net (fo=1, routed)           0.480     0.911    parser_i/clk_wiz_0/inst/clk_in1_parser_clk_wiz_0_0
    MMCME2_ADV_X1Y2      MMCME2_ADV (Prop_mmcme2_adv_CLKIN1_CLKOUT0)
                                                     -3.332    -2.421 r  parser_i/clk_wiz_0/inst/mmcm_adv_inst/CLKOUT0
                         net (fo=1, routed)           0.579    -1.843    parser_i/clk_wiz_0/inst/clk_out1_parser_clk_wiz_0_0
    BUFGCTRL_X0Y0        BUFG (Prop_bufg_I_O)         0.029    -1.814 r  parser_i/clk_wiz_0/inst/clkout1_buf/O
                         net (fo=3997, routed)        0.958    -0.856    parser_i/axi_uartlite_0/U0/UARTLITE_CORE_I/UARTLITE_RX_I/SRL_FIFO_I/I_SRL_FIFO_RBU_F/DYNSHREG_F_I/s_axi_aclk
    SLICE_X16Y70         SRL16E                                       r  parser_i/axi_uartlite_0/U0/UARTLITE_CORE_I/UARTLITE_RX_I/SRL_FIFO_I/I_SRL_FIFO_RBU_F/DYNSHREG_F_I/INFERRED_GEN.data_reg[15][1]_srl16/CLK
                         clock pessimism              0.277    -0.579    
    SLICE_X16Y70         SRL16E (Hold_srl16e_CLK_D)
                                                      0.109    -0.470    parser_i/axi_uartlite_0/U0/UARTLITE_CORE_I/UARTLITE_RX_I/SRL_FIFO_I/I_SRL_FIFO_RBU_F/DYNSHREG_F_I/INFERRED_GEN.data_reg[15][1]_srl16
  -------------------------------------------------------------------
                         required time                          0.470    
                         arrival time                          -0.346    
  -------------------------------------------------------------------
                         slack                                  0.124    

Slack (MET) :             0.128ns  (arrival time - required time)
  Source:                 parser_i/microblaze_0/U0/MicroBlaze_Core_I/Performance.Core/Data_Flow_I/FPU_I/Use_FPU.mem_Res_Type_3_reg[2]/C
                            (rising edge-triggered cell FDRE clocked by clk_out1_parser_clk_wiz_0_0  {rise@0.000ns fall@5.000ns period=10.000ns})
  Destination:            parser_i/microblaze_0/U0/MicroBlaze_Core_I/Performance.Core/Data_Flow_I/FPU_I/Use_FPU.mem_Res_Type_4_reg[2]_srl1/D
                            (rising edge-triggered cell SRL16E clocked by clk_out1_parser_clk_wiz_0_0  {rise@0.000ns fall@5.000ns period=10.000ns})
  Path Group:             clk_out1_parser_clk_wiz_0_0
  Path Type:              Hold (Min at Fast Process Corner)
  Requirement:            0.000ns  (clk_out1_parser_clk_wiz_0_0 rise@0.000ns - clk_out1_parser_clk_wiz_0_0 rise@0.000ns)
  Data Path Delay:        0.260ns  (logic 0.141ns (54.185%)  route 0.119ns (45.815%))
  Logic Levels:           0  
  Clock Path Skew:        0.038ns (DCD - SCD - CPR)
    Destination Clock Delay (DCD):    -0.859ns
    Source Clock Delay      (SCD):    -0.620ns
    Clock Pessimism Removal (CPR):    -0.277ns

    Location             Delay type                Incr(ns)  Path(ns)    Netlist Resource(s)
  -------------------------------------------------------------------    -------------------
                         (clock clk_out1_parser_clk_wiz_0_0 rise edge)
                                                      0.000     0.000 r  
    R4                                                0.000     0.000 r  sys_clock (IN)
                         net (fo=0)                   0.000     0.000    parser_i/clk_wiz_0/inst/clk_in1
    R4                   IBUF (Prop_ibuf_I_O)         0.243     0.243 r  parser_i/clk_wiz_0/inst/clkin1_ibufg/O
                         net (fo=1, routed)           0.440     0.683    parser_i/clk_wiz_0/inst/clk_in1_parser_clk_wiz_0_0
    MMCME2_ADV_X1Y2      MMCME2_ADV (Prop_mmcme2_adv_CLKIN1_CLKOUT0)
                                                     -2.540    -1.856 r  parser_i/clk_wiz_0/inst/mmcm_adv_inst/CLKOUT0
                         net (fo=1, routed)           0.531    -1.325    parser_i/clk_wiz_0/inst/clk_out1_parser_clk_wiz_0_0
    BUFGCTRL_X0Y0        BUFG (Prop_bufg_I_O)         0.026    -1.299 r  parser_i/clk_wiz_0/inst/clkout1_buf/O
                         net (fo=3997, routed)        0.679    -0.620    parser_i/microblaze_0/U0/MicroBlaze_Core_I/Performance.Core/Data_Flow_I/FPU_I/Clk
    SLICE_X38Y87         FDRE                                         r  parser_i/microblaze_0/U0/MicroBlaze_Core_I/Performance.Core/Data_Flow_I/FPU_I/Use_FPU.mem_Res_Type_3_reg[2]/C
  -------------------------------------------------------------------    -------------------
    SLICE_X38Y87         FDRE (Prop_fdre_C_Q)         0.141    -0.479 r  parser_i/microblaze_0/U0/MicroBlaze_Core_I/Performance.Core/Data_Flow_I/FPU_I/Use_FPU.mem_Res_Type_3_reg[2]/Q
                         net (fo=1, routed)           0.119    -0.360    parser_i/microblaze_0/U0/MicroBlaze_Core_I/Performance.Core/Data_Flow_I/FPU_I/Use_FPU.mem_Res_Type_3_reg_n_0_[2]
    SLICE_X36Y87         SRL16E                                       r  parser_i/microblaze_0/U0/MicroBlaze_Core_I/Performance.Core/Data_Flow_I/FPU_I/Use_FPU.mem_Res_Type_4_reg[2]_srl1/D
  -------------------------------------------------------------------    -------------------

                         (clock clk_out1_parser_clk_wiz_0_0 rise edge)
                                                      0.000     0.000 r  
    R4                                                0.000     0.000 r  sys_clock (IN)
                         net (fo=0)                   0.000     0.000    parser_i/clk_wiz_0/inst/clk_in1
    R4                   IBUF (Prop_ibuf_I_O)         0.431     0.431 r  parser_i/clk_wiz_0/inst/clkin1_ibufg/O
                         net (fo=1, routed)           0.480     0.911    parser_i/clk_wiz_0/inst/clk_in1_parser_clk_wiz_0_0
    MMCME2_ADV_X1Y2      MMCME2_ADV (Prop_mmcme2_adv_CLKIN1_CLKOUT0)
                                                     -3.332    -2.421 r  parser_i/clk_wiz_0/inst/mmcm_adv_inst/CLKOUT0
                         net (fo=1, routed)           0.579    -1.843    parser_i/clk_wiz_0/inst/clk_out1_parser_clk_wiz_0_0
    BUFGCTRL_X0Y0        BUFG (Prop_bufg_I_O)         0.029    -1.814 r  parser_i/clk_wiz_0/inst/clkout1_buf/O
                         net (fo=3997, routed)        0.955    -0.859    parser_i/microblaze_0/U0/MicroBlaze_Core_I/Performance.Core/Data_Flow_I/FPU_I/Clk
    SLICE_X36Y87         SRL16E                                       r  parser_i/microblaze_0/U0/MicroBlaze_Core_I/Performance.Core/Data_Flow_I/FPU_I/Use_FPU.mem_Res_Type_4_reg[2]_srl1/CLK
                         clock pessimism              0.277    -0.582    
    SLICE_X36Y87         SRL16E (Hold_srl16e_CLK_D)
                                                      0.094    -0.488    parser_i/microblaze_0/U0/MicroBlaze_Core_I/Performance.Core/Data_Flow_I/FPU_I/Use_FPU.mem_Res_Type_4_reg[2]_srl1
  -------------------------------------------------------------------
                         required time                          0.488    
                         arrival time                          -0.360    
  -------------------------------------------------------------------
                         slack                                  0.128    

Slack (MET) :             0.132ns  (arrival time - required time)
  Source:                 parser_i/array_parser_0/inst/genblk1[1].ultrasonic_sensor/distance_mm_reg[4]/C
                            (rising edge-triggered cell FDRE clocked by clk_out1_parser_clk_wiz_0_0  {rise@0.000ns fall@5.000ns period=10.000ns})
  Destination:            parser_i/object_localizer_1/inst/u0/p2s/genblk1[1].latched_din_reg[1][4]/D
                            (rising edge-triggered cell FDSE clocked by clk_out1_parser_clk_wiz_0_0  {rise@0.000ns fall@5.000ns period=10.000ns})
  Path Group:             clk_out1_parser_clk_wiz_0_0
  Path Type:              Hold (Min at Fast Process Corner)
  Requirement:            0.000ns  (clk_out1_parser_clk_wiz_0_0 rise@0.000ns - clk_out1_parser_clk_wiz_0_0 rise@0.000ns)
  Data Path Delay:        0.457ns  (logic 0.187ns (40.913%)  route 0.270ns (59.087%))
  Logic Levels:           1  (LUT3=1)
  Clock Path Skew:        0.194ns (DCD - SCD - CPR)
    Destination Clock Delay (DCD):    -0.847ns
    Source Clock Delay      (SCD):    -0.536ns
    Clock Pessimism Removal (CPR):    -0.506ns

    Location             Delay type                Incr(ns)  Path(ns)    Netlist Resource(s)
  -------------------------------------------------------------------    -------------------
                         (clock clk_out1_parser_clk_wiz_0_0 rise edge)
                                                      0.000     0.000 r  
    R4                                                0.000     0.000 r  sys_clock (IN)
                         net (fo=0)                   0.000     0.000    parser_i/clk_wiz_0/inst/clk_in1
    R4                   IBUF (Prop_ibuf_I_O)         0.243     0.243 r  parser_i/clk_wiz_0/inst/clkin1_ibufg/O
                         net (fo=1, routed)           0.440     0.683    parser_i/clk_wiz_0/inst/clk_in1_parser_clk_wiz_0_0
    MMCME2_ADV_X1Y2      MMCME2_ADV (Prop_mmcme2_adv_CLKIN1_CLKOUT0)
                                                     -2.540    -1.856 r  parser_i/clk_wiz_0/inst/mmcm_adv_inst/CLKOUT0
                         net (fo=1, routed)           0.531    -1.325    parser_i/clk_wiz_0/inst/clk_out1_parser_clk_wiz_0_0
    BUFGCTRL_X0Y0        BUFG (Prop_bufg_I_O)         0.026    -1.299 r  parser_i/clk_wiz_0/inst/clkout1_buf/O
                         net (fo=3997, routed)        0.764    -0.536    parser_i/array_parser_0/inst/genblk1[1].ultrasonic_sensor/clk
    SLICE_X21Y49         FDRE                                         r  parser_i/array_parser_0/inst/genblk1[1].ultrasonic_sensor/distance_mm_reg[4]/C
  -------------------------------------------------------------------    -------------------
    SLICE_X21Y49         FDRE (Prop_fdre_C_Q)         0.141    -0.395 r  parser_i/array_parser_0/inst/genblk1[1].ultrasonic_sensor/distance_mm_reg[4]/Q
                         net (fo=2, routed)           0.270    -0.125    parser_i/object_localizer_1/inst/u0/p2s/distances[20]
    SLICE_X22Y52         LUT3 (Prop_lut3_I0_O)        0.046    -0.079 r  parser_i/object_localizer_1/inst/u0/p2s/genblk1[1].latched_din[1][4]_i_1/O
                         net (fo=1, routed)           0.000    -0.079    parser_i/object_localizer_1/inst/u0/p2s/genblk1[1].latched_din[1][4]_i_1_n_0
    SLICE_X22Y52         FDSE                                         r  parser_i/object_localizer_1/inst/u0/p2s/genblk1[1].latched_din_reg[1][4]/D
  -------------------------------------------------------------------    -------------------

                         (clock clk_out1_parser_clk_wiz_0_0 rise edge)
                                                      0.000     0.000 r  
    R4                                                0.000     0.000 r  sys_clock (IN)
                         net (fo=0)                   0.000     0.000    parser_i/clk_wiz_0/inst/clk_in1
    R4                   IBUF (Prop_ibuf_I_O)         0.431     0.431 r  parser_i/clk_wiz_0/inst/clkin1_ibufg/O
                         net (fo=1, routed)           0.480     0.911    parser_i/clk_wiz_0/inst/clk_in1_parser_clk_wiz_0_0
    MMCME2_ADV_X1Y2      MMCME2_ADV (Prop_mmcme2_adv_CLKIN1_CLKOUT0)
                                                     -3.332    -2.421 r  parser_i/clk_wiz_0/inst/mmcm_adv_inst/CLKOUT0
                         net (fo=1, routed)           0.579    -1.843    parser_i/clk_wiz_0/inst/clk_out1_parser_clk_wiz_0_0
    BUFGCTRL_X0Y0        BUFG (Prop_bufg_I_O)         0.029    -1.814 r  parser_i/clk_wiz_0/inst/clkout1_buf/O
                         net (fo=3997, routed)        0.967    -0.847    parser_i/object_localizer_1/inst/u0/p2s/clk
    SLICE_X22Y52         FDSE                                         r  parser_i/object_localizer_1/inst/u0/p2s/genblk1[1].latched_din_reg[1][4]/C
                         clock pessimism              0.506    -0.341    
    SLICE_X22Y52         FDSE (Hold_fdse_C_D)         0.131    -0.210    parser_i/object_localizer_1/inst/u0/p2s/genblk1[1].latched_din_reg[1][4]
  -------------------------------------------------------------------
                         required time                          0.210    
                         arrival time                          -0.079    
  -------------------------------------------------------------------
                         slack                                  0.132    





Pulse Width Checks
--------------------------------------------------------------------------------------
Clock Name:         clk_out1_parser_clk_wiz_0_0
Waveform(ns):       { 0.000 5.000 }
Period(ns):         10.000
Sources:            { parser_i/clk_wiz_0/inst/mmcm_adv_inst/CLKOUT0 }

Check Type        Corner  Lib Pin             Reference Pin  Required(ns)  Actual(ns)  Slack(ns)  Location         Pin
Min Period        n/a     RAMB36E1/CLKARDCLK  n/a            2.576         10.000      7.424      RAMB36_X0Y13     parser_i/microblaze_0_local_memory/lmb_bram/U0/inst_blk_mem_gen/gnbram.gnative_mem_map_bmg.native_mem_map_blk_mem_gen/valid.cstr/ramloop[0].ram.r/prim_noinit.ram/DEVICE_7SERIES.WITH_BMM_INFO.TRUE_DP.SIMPLE_PRIM36.TDP_SP36_NO_ECC_ATTR.ram/CLKARDCLK
Min Period        n/a     RAMB36E1/CLKBWRCLK  n/a            2.576         10.000      7.424      RAMB36_X0Y13     parser_i/microblaze_0_local_memory/lmb_bram/U0/inst_blk_mem_gen/gnbram.gnative_mem_map_bmg.native_mem_map_blk_mem_gen/valid.cstr/ramloop[0].ram.r/prim_noinit.ram/DEVICE_7SERIES.WITH_BMM_INFO.TRUE_DP.SIMPLE_PRIM36.TDP_SP36_NO_ECC_ATTR.ram/CLKBWRCLK
Min Period        n/a     RAMB36E1/CLKARDCLK  n/a            2.576         10.000      7.424      RAMB36_X1Y13     parser_i/microblaze_0_local_memory/lmb_bram/U0/inst_blk_mem_gen/gnbram.gnative_mem_map_bmg.native_mem_map_blk_mem_gen/valid.cstr/ramloop[1].ram.r/prim_noinit.ram/DEVICE_7SERIES.WITH_BMM_INFO.TRUE_DP.SIMPLE_PRIM36.TDP_SP36_NO_ECC_ATTR.ram/CLKARDCLK
Min Period        n/a     RAMB36E1/CLKBWRCLK  n/a            2.576         10.000      7.424      RAMB36_X1Y13     parser_i/microblaze_0_local_memory/lmb_bram/U0/inst_blk_mem_gen/gnbram.gnative_mem_map_bmg.native_mem_map_blk_mem_gen/valid.cstr/ramloop[1].ram.r/prim_noinit.ram/DEVICE_7SERIES.WITH_BMM_INFO.TRUE_DP.SIMPLE_PRIM36.TDP_SP36_NO_ECC_ATTR.ram/CLKBWRCLK
Min Period        n/a     RAMB36E1/CLKARDCLK  n/a            2.576         10.000      7.424      RAMB36_X1Y16     parser_i/microblaze_0_local_memory/lmb_bram/U0/inst_blk_mem_gen/gnbram.gnative_mem_map_bmg.native_mem_map_blk_mem_gen/valid.cstr/ramloop[2].ram.r/prim_noinit.ram/DEVICE_7SERIES.WITH_BMM_INFO.TRUE_DP.SIMPLE_PRIM36.TDP_SP36_NO_ECC_ATTR.ram/CLKARDCLK
Min Period        n/a     RAMB36E1/CLKBWRCLK  n/a            2.576         10.000      7.424      RAMB36_X1Y16     parser_i/microblaze_0_local_memory/lmb_bram/U0/inst_blk_mem_gen/gnbram.gnative_mem_map_bmg.native_mem_map_blk_mem_gen/valid.cstr/ramloop[2].ram.r/prim_noinit.ram/DEVICE_7SERIES.WITH_BMM_INFO.TRUE_DP.SIMPLE_PRIM36.TDP_SP36_NO_ECC_ATTR.ram/CLKBWRCLK
Min Period        n/a     RAMB36E1/CLKARDCLK  n/a            2.576         10.000      7.424      RAMB36_X1Y15     parser_i/microblaze_0_local_memory/lmb_bram/U0/inst_blk_mem_gen/gnbram.gnative_mem_map_bmg.native_mem_map_blk_mem_gen/valid.cstr/ramloop[3].ram.r/prim_noinit.ram/DEVICE_7SERIES.WITH_BMM_INFO.TRUE_DP.SIMPLE_PRIM36.TDP_SP36_NO_ECC_ATTR.ram/CLKARDCLK
Min Period        n/a     RAMB36E1/CLKBWRCLK  n/a            2.576         10.000      7.424      RAMB36_X1Y15     parser_i/microblaze_0_local_memory/lmb_bram/U0/inst_blk_mem_gen/gnbram.gnative_mem_map_bmg.native_mem_map_blk_mem_gen/valid.cstr/ramloop[3].ram.r/prim_noinit.ram/DEVICE_7SERIES.WITH_BMM_INFO.TRUE_DP.SIMPLE_PRIM36.TDP_SP36_NO_ECC_ATTR.ram/CLKBWRCLK
Min Period        n/a     RAMB36E1/CLKARDCLK  n/a            2.576         10.000      7.424      RAMB36_X0Y14     parser_i/microblaze_0_local_memory/lmb_bram/U0/inst_blk_mem_gen/gnbram.gnative_mem_map_bmg.native_mem_map_blk_mem_gen/valid.cstr/ramloop[4].ram.r/prim_noinit.ram/DEVICE_7SERIES.WITH_BMM_INFO.TRUE_DP.SIMPLE_PRIM36.TDP_SP36_NO_ECC_ATTR.ram/CLKARDCLK
Min Period        n/a     RAMB36E1/CLKBWRCLK  n/a            2.576         10.000      7.424      RAMB36_X0Y14     parser_i/microblaze_0_local_memory/lmb_bram/U0/inst_blk_mem_gen/gnbram.gnative_mem_map_bmg.native_mem_map_blk_mem_gen/valid.cstr/ramloop[4].ram.r/prim_noinit.ram/DEVICE_7SERIES.WITH_BMM_INFO.TRUE_DP.SIMPLE_PRIM36.TDP_SP36_NO_ECC_ATTR.ram/CLKBWRCLK
Max Period        n/a     MMCME2_ADV/CLKOUT0  n/a            213.360       10.000      203.360    MMCME2_ADV_X1Y2  parser_i/clk_wiz_0/inst/mmcm_adv_inst/CLKOUT0
Low Pulse Width   Slow    RAMD32/CLK          n/a            1.250         5.000       3.750      SLICE_X36Y86     parser_i/microblaze_0/U0/MicroBlaze_Core_I/Performance.Core/Data_Flow_I/Register_File_I/Using_LUT6.All_RAM32M[0].ram32m_i/Using_FPGA.Native/RAMA/CLK
Low Pulse Width   Fast    RAMD32/CLK          n/a            1.250         5.000       3.750      SLICE_X36Y86     parser_i/microblaze_0/U0/MicroBlaze_Core_I/Performance.Core/Data_Flow_I/Register_File_I/Using_LUT6.All_RAM32M[0].ram32m_i/Using_FPGA.Native/RAMA/CLK
Low Pulse Width   Slow    RAMD32/CLK          n/a            1.250         5.000       3.750      SLICE_X36Y86     parser_i/microblaze_0/U0/MicroBlaze_Core_I/Performance.Core/Data_Flow_I/Register_File_I/Using_LUT6.All_RAM32M[0].ram32m_i/Using_FPGA.Native/RAMA_D1/CLK
Low Pulse Width   Fast    RAMD32/CLK          n/a            1.250         5.000       3.750      SLICE_X36Y86     parser_i/microblaze_0/U0/MicroBlaze_Core_I/Performance.Core/Data_Flow_I/Register_File_I/Using_LUT6.All_RAM32M[0].ram32m_i/Using_FPGA.Native/RAMA_D1/CLK
Low Pulse Width   Slow    RAMD32/CLK          n/a            1.250         5.000       3.750      SLICE_X36Y86     parser_i/microblaze_0/U0/MicroBlaze_Core_I/Performance.Core/Data_Flow_I/Register_File_I/Using_LUT6.All_RAM32M[0].ram32m_i/Using_FPGA.Native/RAMB/CLK
Low Pulse Width   Fast    RAMD32/CLK          n/a            1.250         5.000       3.750      SLICE_X36Y86     parser_i/microblaze_0/U0/MicroBlaze_Core_I/Performance.Core/Data_Flow_I/Register_File_I/Using_LUT6.All_RAM32M[0].ram32m_i/Using_FPGA.Native/RAMB/CLK
Low Pulse Width   Slow    RAMD32/CLK          n/a            1.250         5.000       3.750      SLICE_X36Y86     parser_i/microblaze_0/U0/MicroBlaze_Core_I/Performance.Core/Data_Flow_I/Register_File_I/Using_LUT6.All_RAM32M[0].ram32m_i/Using_FPGA.Native/RAMB_D1/CLK
Low Pulse Width   Fast    RAMD32/CLK          n/a            1.250         5.000       3.750      SLICE_X36Y86     parser_i/microblaze_0/U0/MicroBlaze_Core_I/Performance.Core/Data_Flow_I/Register_File_I/Using_LUT6.All_RAM32M[0].ram32m_i/Using_FPGA.Native/RAMB_D1/CLK
Low Pulse Width   Slow    RAMD32/CLK          n/a            1.250         5.000       3.750      SLICE_X36Y86     parser_i/microblaze_0/U0/MicroBlaze_Core_I/Performance.Core/Data_Flow_I/Register_File_I/Using_LUT6.All_RAM32M[0].ram32m_i/Using_FPGA.Native/RAMC/CLK
Low Pulse Width   Fast    RAMD32/CLK          n/a            1.250         5.000       3.750      SLICE_X36Y86     parser_i/microblaze_0/U0/MicroBlaze_Core_I/Performance.Core/Data_Flow_I/Register_File_I/Using_LUT6.All_RAM32M[0].ram32m_i/Using_FPGA.Native/RAMC/CLK
High Pulse Width  Slow    RAMD32/CLK          n/a            1.250         5.000       3.750      SLICE_X36Y86     parser_i/microblaze_0/U0/MicroBlaze_Core_I/Performance.Core/Data_Flow_I/Register_File_I/Using_LUT6.All_RAM32M[0].ram32m_i/Using_FPGA.Native/RAMA/CLK
High Pulse Width  Fast    RAMD32/CLK          n/a            1.250         5.000       3.750      SLICE_X36Y86     parser_i/microblaze_0/U0/MicroBlaze_Core_I/Performance.Core/Data_Flow_I/Register_File_I/Using_LUT6.All_RAM32M[0].ram32m_i/Using_FPGA.Native/RAMA/CLK
High Pulse Width  Slow    RAMD32/CLK          n/a            1.250         5.000       3.750      SLICE_X36Y86     parser_i/microblaze_0/U0/MicroBlaze_Core_I/Performance.Core/Data_Flow_I/Register_File_I/Using_LUT6.All_RAM32M[0].ram32m_i/Using_FPGA.Native/RAMA_D1/CLK
High Pulse Width  Fast    RAMD32/CLK          n/a            1.250         5.000       3.750      SLICE_X36Y86     parser_i/microblaze_0/U0/MicroBlaze_Core_I/Performance.Core/Data_Flow_I/Register_File_I/Using_LUT6.All_RAM32M[0].ram32m_i/Using_FPGA.Native/RAMA_D1/CLK
High Pulse Width  Slow    RAMD32/CLK          n/a            1.250         5.000       3.750      SLICE_X36Y86     parser_i/microblaze_0/U0/MicroBlaze_Core_I/Performance.Core/Data_Flow_I/Register_File_I/Using_LUT6.All_RAM32M[0].ram32m_i/Using_FPGA.Native/RAMB/CLK
High Pulse Width  Fast    RAMD32/CLK          n/a            1.250         5.000       3.750      SLICE_X36Y86     parser_i/microblaze_0/U0/MicroBlaze_Core_I/Performance.Core/Data_Flow_I/Register_File_I/Using_LUT6.All_RAM32M[0].ram32m_i/Using_FPGA.Native/RAMB/CLK
High Pulse Width  Slow    RAMD32/CLK          n/a            1.250         5.000       3.750      SLICE_X36Y86     parser_i/microblaze_0/U0/MicroBlaze_Core_I/Performance.Core/Data_Flow_I/Register_File_I/Using_LUT6.All_RAM32M[0].ram32m_i/Using_FPGA.Native/RAMB_D1/CLK
High Pulse Width  Fast    RAMD32/CLK          n/a            1.250         5.000       3.750      SLICE_X36Y86     parser_i/microblaze_0/U0/MicroBlaze_Core_I/Performance.Core/Data_Flow_I/Register_File_I/Using_LUT6.All_RAM32M[0].ram32m_i/Using_FPGA.Native/RAMB_D1/CLK
High Pulse Width  Slow    RAMD32/CLK          n/a            1.250         5.000       3.750      SLICE_X36Y86     parser_i/microblaze_0/U0/MicroBlaze_Core_I/Performance.Core/Data_Flow_I/Register_File_I/Using_LUT6.All_RAM32M[0].ram32m_i/Using_FPGA.Native/RAMC/CLK
High Pulse Width  Fast    RAMD32/CLK          n/a            1.250         5.000       3.750      SLICE_X36Y86     parser_i/microblaze_0/U0/MicroBlaze_Core_I/Performance.Core/Data_Flow_I/Register_File_I/Using_LUT6.All_RAM32M[0].ram32m_i/Using_FPGA.Native/RAMC/CLK



---------------------------------------------------------------------------------------------------
From Clock:  clkfbout_parser_clk_wiz_0_0
  To Clock:  clkfbout_parser_clk_wiz_0_0

Setup :           NA  Failing Endpoints,  Worst Slack           NA  ,  Total Violation           NA
Hold  :           NA  Failing Endpoints,  Worst Slack           NA  ,  Total Violation           NA
PW    :            0  Failing Endpoints,  Worst Slack        7.845ns,  Total Violation        0.000ns
---------------------------------------------------------------------------------------------------


Pulse Width Checks
--------------------------------------------------------------------------------------
Clock Name:         clkfbout_parser_clk_wiz_0_0
Waveform(ns):       { 0.000 5.000 }
Period(ns):         10.000
Sources:            { parser_i/clk_wiz_0/inst/mmcm_adv_inst/CLKFBOUT }

Check Type  Corner  Lib Pin              Reference Pin  Required(ns)  Actual(ns)  Slack(ns)  Location         Pin
Min Period  n/a     BUFG/I               n/a            2.155         10.000      7.845      BUFGCTRL_X0Y3    parser_i/clk_wiz_0/inst/clkf_buf/I
Min Period  n/a     MMCME2_ADV/CLKFBOUT  n/a            1.249         10.000      8.751      MMCME2_ADV_X1Y2  parser_i/clk_wiz_0/inst/mmcm_adv_inst/CLKFBOUT
Min Period  n/a     MMCME2_ADV/CLKFBIN   n/a            1.249         10.000      8.751      MMCME2_ADV_X1Y2  parser_i/clk_wiz_0/inst/mmcm_adv_inst/CLKFBIN
Max Period  n/a     MMCME2_ADV/CLKFBIN   n/a            100.000       10.000      90.000     MMCME2_ADV_X1Y2  parser_i/clk_wiz_0/inst/mmcm_adv_inst/CLKFBIN
Max Period  n/a     MMCME2_ADV/CLKFBOUT  n/a            213.360       10.000      203.360    MMCME2_ADV_X1Y2  parser_i/clk_wiz_0/inst/mmcm_adv_inst/CLKFBOUT



